company_id,year,net_profit_margin_pct,operating_profit_margin_pct,return_on_equity_pct,debt_to_equity,interest_coverage,asset_turnover,profitability_score,roe_score,leverage_score,efficiency_score,financial_health_score,health_rating
ABB,Dec 2012,8.77,12.22,22.41,0.0,,1.82,8,20,20,16,64,Good
ABB,Mar 2014,8.7,11.73,25.13,0.0,,2.0,8,20,20,20,68,Good
ABB,Mar 2015,10.0,13.63,24.44,0.0,,1.67,12,20,20,16,68,Good
ABB,Mar 2016,9.76,13.96,21.34,0.0,138.33,1.62,8,20,20,16,64,Good
ABB,Mar 2017,9.54,13.71,19.97,0.0,227.5,1.41,8,16,20,12,56,Good
ABB,Mar 2018,12.16,15.92,23.69,0.0,160.5,1.37,12,20,20,12,64,Good
ABB,Mar 2019,12.23,16.44,22.41,0.0,359.0,1.25,12,20,20,12,64,Good
ABB,Mar 2020,14.49,18.49,24.39,0.07,96.78,1.15,12,20,20,12,64,Good
ABB,Mar 2021,16.03,21.39,26.56,0.06,55.72,1.12,16,20,20,12,68,Good
ABB,Mar 2022,16.26,22.02,28.33,0.05,61.32,1.16,16,20,20,12,68,Good
ABB,Mar 2023,17.74,22.55,29.77,0.04,85.0,1.17,16,20,20,12,68,Good
ABB,Mar 2024,20.53,24.84,32.47,0.02,141.75,1.13,20,20,20,12,72,Excellent
ADANIENSOL,Mar 2014,,,0.0,0.0,,,4,4,20,4,32,Weak
ADANIENSOL,Mar 2015,-5.34,77.1,-0.65,8.96,1.42,0.01,4,4,4,4,16,Weak
ADANIENSOL,Mar 2016,16.77,87.83,13.77,3.21,2.09,0.19,16,12,4,4,36,Weak
ADANIENSOL,Mar 2017,14.46,68.95,14.12,3.05,2.22,0.22,12,12,4,4,32,Weak
ADANIENSOL,Mar 2018,28.98,71.65,18.87,1.72,3.31,0.23,20,16,12,4,52,Average
ADANIENSOL,Mar 2019,7.65,38.03,6.95,2.5,2.24,0.22,8,8,8,4,28,Weak
ADANIENSOL,Mar 2020,6.18,37.3,8.31,2.85,2.02,0.29,8,8,8,4,28,Weak
ADANIENSOL,Mar 2021,13.0,39.79,14.46,3.04,2.39,0.23,12,12,4,4,32,Weak
ADANIENSOL,Mar 2022,10.98,37.36,12.47,3.02,2.32,0.24,12,12,4,4,32,Weak
ADANIENSOL,Mar 2023,9.64,33.99,10.9,2.92,2.19,0.25,8,12,8,4,32,Weak
ADANIENSOL,Mar 2024,7.2,34.39,9.46,2.93,2.28,0.28,8,8,8,4,28,Weak
ADANIENT,Mar 2013,2.63,12.98,5.69,3.24,2.23,0.41,4,8,4,4,20,Weak
ADANIENT,Mar 2014,4.82,17.08,11.14,3.03,1.85,0.47,4,12,4,4,24,Weak
ADANIENT,Mar 2015,3.56,19.31,8.93,3.25,1.88,0.49,4,8,4,4,20,Weak
ADANIENT,Mar 2016,2.94,4.95,7.47,1.43,2.01,0.82,4,8,12,8,32,Weak
ADANIENT,Mar 2017,2.53,5.21,6.54,1.47,2.11,0.77,4,8,12,8,32,Weak
ADANIENT,Mar 2018,1.65,5.67,3.94,1.17,1.92,0.64,4,4,12,8,28,Weak
ADANIENT,Mar 2019,1.25,4.88,3.43,0.76,1.52,0.95,4,4,16,8,32,Weak
ADANIENT,Mar 2020,2.4,5.29,6.14,0.73,2.01,0.93,4,8,16,8,36,Weak
ADANIENT,Mar 2021,2.65,6.34,6.1,0.95,2.18,0.77,4,8,16,8,36,Weak
ADANIENT,Mar 2022,1.14,5.35,3.54,1.87,1.87,0.68,4,4,12,8,28,Weak
ADANIENT,Mar 2023,1.9,6.91,7.33,1.61,2.43,0.9,4,8,12,8,32,Weak
ADANIENT,Mar 2024,3.46,11.8,8.53,1.67,2.75,0.6,4,8,12,8,32,Weak
ADANIGREEN,Mar 2017,-9.36,80.28,-3.91,3.61,1.45,0.08,4,4,4,4,16,Weak
ADANIGREEN,Mar 2018,-9.32,56.96,-10.29,7.36,1.6,0.09,4,4,4,4,16,Weak
ADANIGREEN,Mar 2019,-23.08,74.15,-24.57,5.76,1.43,0.14,4,4,4,4,16,Weak
ADANIGREEN,Mar 2020,-2.67,56.89,-2.89,6.31,1.35,0.14,4,4,4,4,16,Weak
ADANIGREEN,Mar 2021,5.83,71.73,8.27,11.0,1.35,0.11,8,8,4,4,24,Weak
ADANIGREEN,Mar 2022,9.53,68.42,18.71,20.21,1.54,0.09,8,16,4,4,32,Weak
ADANIGREEN,Mar 2023,12.51,63.91,13.32,7.42,1.94,0.12,12,12,4,4,32,Weak
ADANIGREEN,Mar 2024,13.67,79.37,12.81,6.6,1.71,0.1,12,12,4,4,32,Weak
ADANIPORTS,Mar 2013,45.82,66.59,25.63,1.82,5.03,0.17,20,20,12,4,56,Good
ADANIPORTS,Mar 2014,36.05,60.43,19.86,1.48,3.69,0.2,20,16,12,4,52,Average
ADANIPORTS,Mar 2015,37.78,63.43,21.59,1.65,3.9,0.19,20,20,12,4,56,Good
ADANIPORTS,Mar 2016,40.17,64.38,21.15,1.65,4.72,0.19,20,20,12,4,56,Good
ADANIPORTS,Mar 2017,46.24,64.2,22.26,1.27,5.78,0.19,20,20,12,4,56,Good
ADANIPORTS,Mar 2018,32.59,63.21,17.65,1.07,5.07,0.24,20,16,12,4,52,Average
ADANIPORTS,Mar 2019,37.03,60.38,16.6,1.14,5.69,0.19,20,16,12,4,52,Average
ADANIPORTS,Mar 2020,31.88,50.09,14.87,1.19,4.04,0.19,20,12,12,4,48,Average
ADANIPORTS,Mar 2021,40.23,69.23,16.59,1.18,4.73,0.17,20,16,12,4,52,Average
ADANIPORTS,Mar 2022,28.93,55.66,11.84,1.15,4.47,0.17,20,12,12,4,48,Average
ADANIPORTS,Mar 2023,25.85,52.5,11.88,1.18,4.77,0.19,20,12,12,4,48,Average
ADANIPORTS,Mar 2024,30.34,58.36,15.35,0.94,5.95,0.23,20,16,16,4,56,Good
ADANIPOWER,Mar 2013,-34.29,14.35,-53.46,9.74,0.69,0.12,4,4,4,4,16,Weak
ADANIPOWER,Mar 2014,-1.9,29.96,-4.45,6.75,1.14,0.26,4,4,4,4,16,Weak
ADANIPOWER,Mar 2015,-4.37,25.04,-14.25,7.82,1.21,0.32,4,4,4,4,16,Weak
ADANIPOWER,Mar 2016,2.17,34.68,7.38,7.06,1.55,0.33,4,8,4,4,20,Weak
ADANIPOWER,Mar 2017,-27.3,26.44,-205.8,17.49,0.39,0.32,4,4,4,4,16,Weak
ADANIPOWER,Mar 2018,-10.36,26.77,-236.56,59.43,1.11,0.29,4,4,4,4,16,Weak
ADANIPOWER,Mar 2019,-4.12,20.86,-12.76,6.09,1.31,0.35,4,4,4,4,16,Weak
ADANIPOWER,Mar 2020,-8.6,21.66,-35.1,8.52,1.14,0.35,4,4,4,4,16,Weak
ADANIPOWER,Mar 2021,4.84,33.13,9.69,4.01,2.08,0.33,4,8,4,4,20,Weak
ADANIPOWER,Mar 2022,17.73,35.66,26.61,2.66,3.37,0.34,16,20,8,4,48,Average
ADANIPOWER,Mar 2023,27.67,26.04,35.91,1.42,4.29,0.45,20,20,12,4,56,Good
ADANIPOWER,Mar 2024,41.37,36.2,48.28,0.8,8.3,0.55,20,20,16,8,64,Good
AMBUJACEM,Dec 2012,13.25,25.37,14.69,0.01,32.59,0.79,12,12,20,8,52,Average
AMBUJACEM,Dec 2013,13.95,18.22,13.51,0.01,30.73,0.71,12,12,20,8,52,Average
AMBUJACEM,Dec 2014,14.94,19.43,14.77,0.0,35.65,0.72,12,12,20,8,52,Average
AMBUJACEM,Dec 2015,8.56,16.34,7.87,0.0,20.6,0.67,8,8,20,8,44,Average
AMBUJACEM,Dec 2016,7.14,15.83,7.23,0.0,23.67,0.61,8,8,20,8,44,Average
AMBUJACEM,Dec 2017,8.24,16.34,9.41,0.0,20.35,0.66,8,8,20,8,44,Average
AMBUJACEM,Dec 2018,11.42,15.4,13.29,0.0,24.96,0.7,12,12,20,8,52,Average
AMBUJACEM,Dec 2019,10.27,16.96,11.56,0.0,30.58,0.67,12,12,20,8,52,Average
AMBUJACEM,Dec 2020,12.67,20.42,13.65,0.02,37.81,0.62,12,12,20,8,52,Average
AMBUJACEM,Dec 2021,12.81,21.44,14.64,0.02,44.26,0.64,12,12,20,8,52,Average
AMBUJACEM,Mar 2024,14.29,19.3,11.43,0.02,28.26,0.51,12,12,20,8,52,Average
APOLLOHOSP,Mar 2013,8.04,16.24,11.03,0.44,6.26,0.78,8,12,20,8,48,Average
APOLLOHOSP,Mar 2014,7.23,15.52,10.58,0.45,5.83,0.81,8,12,20,8,48,Average
APOLLOHOSP,Mar 2015,6.53,14.37,10.56,0.63,6.64,0.79,8,12,16,8,44,Average
APOLLOHOSP,Mar 2016,3.82,11.12,7.05,0.85,4.31,0.84,4,8,16,8,36,Weak
APOLLOHOSP,Mar 2017,1.81,10.12,3.95,0.94,3.09,0.9,4,4,16,8,32,Weak
APOLLOHOSP,Mar 2018,0.73,9.72,1.85,1.05,2.8,0.96,4,4,12,8,28,Weak
APOLLOHOSP,Mar 2019,2.08,11.13,6.0,1.1,3.35,1.05,4,8,12,12,36,Weak
APOLLOHOSP,Mar 2020,3.84,14.15,12.93,1.08,3.4,1.0,4,12,12,12,40,Average
APOLLOHOSP,Mar 2021,1.3,10.8,2.98,0.9,2.77,0.93,4,4,16,8,32,Weak
APOLLOHOSP,Mar 2022,7.56,14.93,19.7,0.72,6.75,1.11,8,16,16,12,52,Average
APOLLOHOSP,Mar 2023,5.08,12.43,13.62,0.7,5.62,1.15,8,12,16,12,48,Average
APOLLOHOSP,Mar 2024,4.91,12.56,13.48,0.77,5.57,1.14,4,12,16,12,44,Average
ASIANPAINT,Mar 2013,11.04,16.54,34.28,0.07,44.07,1.55,12,20,20,16,68,Good
ASIANPAINT,Mar 2014,10.34,16.4,31.27,0.06,44.33,1.51,12,20,20,16,68,Good
ASIANPAINT,Mar 2015,10.48,16.47,30.09,0.09,56.79,1.53,12,20,20,16,68,Good
ASIANPAINT,Mar 2016,12.63,19.09,27.63,0.05,59.96,1.35,12,20,20,12,64,Good
ASIANPAINT,Mar 2017,13.38,19.88,26.51,0.07,90.05,1.21,12,20,20,12,64,Good
ASIANPAINT,Mar 2018,12.47,19.04,24.95,0.06,86.34,1.22,12,20,20,12,64,Good
ASIANPAINT,Mar 2019,11.48,19.57,23.31,0.14,36.72,1.18,12,20,20,12,64,Good
ASIANPAINT,Mar 2020,13.73,20.57,27.38,0.11,44.24,1.25,12,20,20,12,64,Good
ASIANPAINT,Mar 2021,14.77,22.36,25.04,0.09,56.39,1.07,12,20,20,12,64,Good
ASIANPAINT,Mar 2022,10.6,16.51,22.34,0.11,53.68,1.27,12,20,20,12,64,Good
ASIANPAINT,Mar 2023,12.16,18.15,26.23,0.12,46.47,1.34,12,20,20,12,64,Good
ASIANPAINT,Mar 2024,15.66,21.37,29.68,0.13,41.0,1.19,16,20,20,12,68,Good
BAJAJ-AUTO,Mar 2013,15.65,18.26,38.85,0.01,4446.0,1.58,16,20,20,16,72,Excellent
BAJAJ-AUTO,Mar 2014,16.79,20.67,33.24,0.01,4837.0,1.32,16,20,20,12,68,Good
BAJAJ-AUTO,Mar 2015,14.01,19.12,27.27,0.01,726.0,1.35,12,20,20,12,64,Good
BAJAJ-AUTO,Mar 2016,17.99,21.23,28.97,0.01,5987.0,1.31,16,20,20,12,68,Good
BAJAJ-AUTO,Mar 2017,18.75,20.36,22.84,0.01,5897.0,1.01,16,20,20,12,68,Good
BAJAJ-AUTO,Mar 2018,16.74,19.22,20.66,0.01,6250.0,1.0,16,20,20,12,68,Good
BAJAJ-AUTO,Mar 2019,16.23,17.12,21.21,0.01,1806.5,1.05,16,20,20,12,68,Good
BAJAJ-AUTO,Mar 2020,17.42,17.08,24.06,0.01,2313.67,1.13,16,20,20,12,68,Good
BAJAJ-AUTO,Mar 2021,17.51,17.8,17.81,0.0,929.71,0.83,16,16,20,8,60,Good
BAJAJ-AUTO,Mar 2022,18.6,15.87,20.65,0.0,881.11,0.94,16,20,20,8,64,Good
BAJAJ-AUTO,Mar 2023,16.62,17.73,20.64,0.0,204.2,1.04,16,20,20,12,68,Good
BAJAJ-AUTO,Mar 2024,17.18,19.53,26.61,0.07,174.42,1.14,16,20,20,12,68,Good
AXISBANK,Mar 2013,19.05,30.58,15.62,8.93,1.27,0.08,16,16,4,4,40,Average
AXISBANK,Mar 2014,20.29,31.47,16.19,8.68,1.3,0.08,20,16,4,4,44,Average
AXISBANK,Mar 2015,20.74,31.36,16.37,9.05,1.33,0.08,20,16,4,4,44,Average
AXISBANK,Mar 2016,20.06,32.61,15.36,8.82,1.43,0.08,20,16,4,4,44,Average
AXISBANK,Mar 2017,8.26,53.45,6.53,9.36,2.04,0.07,8,8,4,4,24,Weak
AXISBANK,Mar 2018,0.6,63.12,0.43,9.52,2.63,0.07,4,4,4,4,16,Weak
AXISBANK,Mar 2019,8.51,49.39,6.9,10.5,2.07,0.07,8,8,4,4,24,Weak
AXISBANK,Mar 2020,2.6,55.98,1.88,9.23,2.26,0.07,4,4,4,4,16,Weak
AXISBANK,Mar 2021,10.4,50.12,6.36,8.21,2.59,0.06,12,8,4,4,28,Weak
AXISBANK,Mar 2022,19.33,44.47,11.01,8.63,1.97,0.06,16,12,4,4,36,Weak
AXISBANK,Mar 2023,11.25,34.16,7.38,8.88,1.8,0.06,12,8,4,4,28,Weak
AXISBANK,Mar 2024,22.73,34.69,15.83,8.25,1.69,0.07,20,16,4,4,44,Average
BAJAJFINSV,Mar 2013,27.49,48.8,28.38,1.67,3.27,0.12,20,20,12,4,56,Good
BAJAJFINSV,Mar 2014,36.38,74.56,23.53,2.09,2.88,0.08,20,20,8,4,52,Average
BAJAJFINSV,Mar 2015,21.25,48.62,21.72,2.37,2.47,0.13,20,20,8,4,52,Average
BAJAJFINSV,Mar 2016,13.51,32.82,20.41,2.65,2.34,0.2,12,20,8,4,44,Average
BAJAJFINSV,Mar 2017,14.08,35.55,21.36,2.99,2.34,0.19,12,20,8,4,44,Average
BAJAJFINSV,Mar 2018,12.71,32.83,20.39,3.21,2.38,0.2,12,20,4,4,40,Average
BAJAJFINSV,Mar 2019,12.61,35.29,22.64,4.2,2.26,0.2,12,20,4,4,40,Average
BAJAJFINSV,Mar 2020,11.03,33.59,19.15,4.06,1.92,0.22,12,16,4,4,36,Weak
BAJAJFINSV,Mar 2021,12.16,32.42,20.56,3.59,2.12,0.22,12,20,4,4,40,Average
BAJAJFINSV,Mar 2022,12.15,31.36,20.66,4.0,2.23,0.21,12,20,4,4,40,Average
BAJAJFINSV,Mar 2023,14.88,36.39,26.31,4.57,2.41,0.2,12,20,4,4,40,Average
BAJAJFINSV,Mar 2024,14.13,37.04,25.85,4.79,2.2,0.21,12,20,4,4,40,Average
BAJAJHLDNG,Mar 2013,550.74,95.55,17.94,0.0,,0.03,20,16,20,4,60,Good
BAJAJHLDNG,Mar 2014,469.98,94.56,16.57,0.0,,0.03,20,16,20,4,60,Good
BAJAJHLDNG,Mar 2015,387.21,92.37,15.15,0.0,,0.04,20,16,20,4,60,Good
BAJAJHLDNG,Mar 2016,481.91,91.28,14.81,0.0,,0.03,20,12,20,4,56,Good
BAJAJHLDNG,Mar 2017,293.71,74.58,13.88,0.0,,0.05,20,12,20,4,56,Good
BAJAJHLDNG,Mar 2018,632.14,84.52,10.54,0.0,,0.02,20,12,20,4,56,Good
BAJAJHLDNG,Mar 2019,707.19,80.51,11.31,0.0,,0.02,20,12,20,4,56,Good
BAJAJHLDNG,Mar 2020,708.05,69.2,11.09,0.01,258.38,0.01,20,12,20,4,56,Good
BAJAJHLDNG,Mar 2021,799.56,77.02,9.83,0.0,950.75,0.01,20,8,20,4,52,Average
BAJAJHLDNG,Mar 2022,852.48,75.83,9.63,0.0,1421.0,0.01,20,8,20,4,52,Average
BAJAJHLDNG,Mar 2023,947.51,72.8,11.19,0.0,721.86,0.01,20,12,20,4,56,Good
BAJAJHLDNG,Mar 2024,432.73,91.77,13.58,0.0,3764.5,0.03,20,12,20,4,56,Good
BAJFINANCE,Mar 2015,16.65,32.49,18.71,5.55,68.35,0.16,16,16,4,4,40,Average
BAJFINANCE,Mar 2016,17.52,32.25,17.22,4.99,68.03,0.16,16,16,4,4,40,Average
BAJFINANCE,Mar 2017,18.42,32.6,19.12,5.13,149.05,0.16,16,16,4,4,40,Average
BAJFINANCE,Mar 2018,19.58,32.28,15.75,4.2,414.6,0.15,16,16,4,4,40,Average
BAJFINANCE,Mar 2019,21.61,29.5,20.28,5.16,422.15,0.15,20,20,4,4,48,Average
BAJFINANCE,Mar 2020,19.96,34.73,16.28,4.02,1020.89,0.16,16,16,4,4,40,Average
BAJFINANCE,Mar 2021,16.57,40.64,11.97,3.57,3621.0,0.16,16,12,4,4,36,Weak
BAJFINANCE,Mar 2022,22.21,37.55,16.08,3.78,-700.65,0.15,20,16,4,4,44,Average
BAJFINANCE,Mar 2023,27.79,30.65,21.17,3.99,-2546.4,0.15,20,20,4,4,48,Average
BAJFINANCE,Mar 2024,26.29,29.29,18.84,3.82,2689.17,0.15,20,16,4,4,44,Average
BANKBARODA,Mar 2013,13.25,30.05,14.51,15.3,2.43,0.07,12,12,4,4,32,Weak
BANKBARODA,Mar 2014,12.45,29.78,13.31,16.3,2.17,0.06,12,12,4,4,32,Weak
BANKBARODA,Mar 2015,8.79,29.98,9.4,15.84,2.47,0.06,8,8,4,4,24,Weak
BANKBARODA,Mar 2016,-10.99,55.44,-11.84,14.6,4.23,0.07,4,4,4,4,16,Weak
BANKBARODA,Mar 2017,4.17,43.28,4.31,15.06,2.42,0.06,4,4,4,4,16,Weak
BANKBARODA,Mar 2018,-3.99,56.65,-3.94,14.44,3.26,0.06,4,4,4,4,16,Weak
BANKBARODA,Mar 2019,2.2,48.79,2.12,13.35,3.27,0.06,4,4,4,4,16,Weak
BANKBARODA,Mar 2020,1.24,51.44,1.29,14.05,3.33,0.07,4,4,4,4,16,Weak
BANKBARODA,Mar 2021,2.18,51.23,1.97,12.95,2.59,0.06,4,4,4,4,16,Weak
BANKBARODA,Mar 2022,10.81,51.12,8.64,12.9,2.61,0.05,12,8,4,4,28,Weak
BANKBARODA,Mar 2023,15.88,40.45,14.28,12.78,2.35,0.06,16,12,4,4,36,Weak
BANKBARODA,Mar 2024,15.94,37.49,15.76,12.14,1.9,0.07,16,16,4,4,40,Average
BHARTIARTL,Mar 2013,2.95,29.84,4.5,1.33,5.34,0.49,4,4,12,4,24,Weak
BHARTIARTL,Mar 2014,3.52,30.88,5.05,1.27,5.0,0.47,4,8,12,4,28,Weak
BHARTIARTL,Mar 2015,5.25,34.97,12.69,2.1,7.84,0.53,8,12,8,8,36,Weak
BHARTIARTL,Mar 2016,7.14,35.2,10.32,1.51,4.55,0.43,8,12,12,4,36,Weak
BHARTIARTL,Mar 2017,4.44,37.01,6.29,1.59,3.88,0.41,4,8,12,4,28,Weak
BHARTIARTL,Mar 2018,2.64,36.4,3.14,1.6,3.41,0.33,4,4,12,4,24,Weak
BHARTIARTL,Mar 2019,2.09,31.89,2.36,1.76,2.85,0.29,4,4,12,4,24,Weak
BHARTIARTL,Mar 2020,-35.03,41.82,-39.75,1.92,-0.08,0.24,4,4,12,4,24,Weak
BHARTIARTL,Mar 2021,-12.29,45.0,-20.97,2.76,2.72,0.29,4,4,8,4,20,Weak
BHARTIARTL,Mar 2022,7.13,49.37,12.48,2.55,3.74,0.32,8,12,8,4,32,Weak
BHARTIARTL,Mar 2023,8.83,51.22,15.84,2.91,3.75,0.31,8,16,8,4,36,Weak
BHARTIARTL,Mar 2024,5.71,52.2,10.36,2.61,3.31,0.34,8,12,8,4,32,Weak
BEL,Mar 2013,14.52,10.66,15183.33,4.0,184.43,139.4,12,20,4,20,56,Good
BEL,Mar 2014,14.61,14.19,13600.0,3.0,194.71,141.7,12,20,8,20,60,Good
BEL,Mar 2015,16.88,16.62,17100.0,3.71,240.86,144.76,16,20,4,20,60,Good
BEL,Mar 2016,18.18,18.94,11141.67,2.08,196.6,141.42,16,20,8,20,64,Good
BEL,Mar 2017,17.59,20.7,10153.33,1.93,122.89,112.42,16,20,12,20,68,Good
BEL,Mar 2018,13.76,19.6,4616.13,1.55,372.5,85.96,12,20,12,20,64,Good
BEL,Mar 2019,15.51,23.91,3851.02,0.96,186.38,96.54,16,20,16,20,72,Excellent
BEL,Mar 2020,14.07,21.28,3318.18,0.8,357.25,106.3,12,20,16,20,68,Good
BEL,Mar 2021,14.88,22.78,3559.32,0.83,333.9,92.82,12,20,16,20,68,Good
BEL,Mar 2022,15.62,21.76,3478.26,0.84,397.33,94.28,16,20,16,20,72,Excellent
BEL,Mar 2023,16.84,23.06,3981.33,0.52,230.05,123.15,16,20,16,20,72,Excellent
BEL,Mar 2024,19.66,24.92,4744.05,0.51,476.75,125.89,16,20,16,20,72,Excellent
BHEL,Mar 2013,13.69,19.39,21.91,0.09,82.93,0.68,12,20,20,8,60,Good
BHEL,Mar 2014,8.85,11.57,10.56,0.14,46.59,0.53,8,12,20,8,48,Average
BHEL,Mar 2015,4.63,6.84,4.24,0.06,36.54,0.44,4,4,20,4,32,Weak
BHEL,Mar 2016,-2.77,-5.32,-2.18,0.01,0.38,0.39,4,4,20,4,32,Weak
BHEL,Mar 2017,1.6,3.85,1.4,0.0,4.47,0.46,4,4,20,4,32,Weak
BHEL,Mar 2018,1.52,5.73,1.35,0.0,7.07,0.45,4,4,20,4,32,Weak
BHEL,Mar 2019,3.29,6.68,3.24,0.08,7.13,0.47,4,4,20,4,32,Weak
BHEL,Mar 2020,-6.84,-0.62,-5.12,0.18,0.75,0.36,4,4,20,4,32,Weak
BHEL,Mar 2021,-15.6,-17.62,-10.39,0.19,-5.69,0.31,4,4,20,4,32,Weak
BHEL,Mar 2022,2.1,3.9,1.68,0.18,2.75,0.37,4,4,20,4,32,Weak
BHEL,Mar 2023,2.8,4.47,2.68,0.22,2.59,0.41,4,4,20,4,32,Weak
BHEL,Mar 2024,1.18,2.98,1.15,0.36,1.59,0.4,4,4,20,4,32,Weak
BOSCHLTD,Dec 2012,11.06,15.59,17.19,0.04,286.5,1.1,12,16,20,12,60,Good
BOSCHLTD,Dec 2013,10.11,14.72,14.06,0.03,,0.98,12,12,20,8,52,Average
BOSCHLTD,Mar 2015,11.07,16.39,18.21,0.02,179.86,1.16,12,16,20,12,60,Good
BOSCHLTD,Mar 2016,15.78,19.36,16.06,0.01,192.38,0.78,16,16,20,8,60,Good
BOSCHLTD,Mar 2017,16.68,18.81,19.79,0.0,106.48,0.88,16,16,20,8,60,Good
BOSCHLTD,Mar 2018,11.73,17.9,13.74,0.0,837.0,0.84,12,12,20,8,52,Average
BOSCHLTD,Mar 2019,13.22,17.82,17.51,0.0,211.85,0.95,12,16,20,8,56,Good
BOSCHLTD,Mar 2020,6.6,15.07,7.01,0.01,137.8,0.74,8,8,20,8,44,Average
BOSCHLTD,Mar 2021,4.96,11.97,4.91,0.01,65.86,0.66,4,4,20,8,36,Weak
BOSCHLTD,Mar 2022,10.33,12.41,11.39,0.01,63.9,0.76,12,12,20,8,52,Average
BOSCHLTD,Mar 2023,9.54,12.12,12.93,0.0,190.08,0.92,8,12,20,8,48,Average
BOSCHLTD,Mar 2024,14.89,12.52,20.64,0.0,71.78,0.96,12,20,20,8,60,Good
BPCL,Mar 2013,0.8,2.77,11.54,1.98,3.26,3.04,4,12,12,20,48,Average
BPCL,Mar 2014,1.53,3.56,20.85,1.71,5.43,2.99,4,20,12,20,56,Good
BPCL,Mar 2015,2.09,4.03,22.52,1.13,10.08,2.81,4,20,12,20,56,Good
BPCL,Mar 2016,4.31,6.91,29.1,0.84,21.89,2.17,4,20,16,20,60,Good
BPCL,Mar 2017,4.72,6.85,30.85,1.16,23.71,1.84,4,20,12,16,52,Average
BPCL,Mar 2018,4.15,6.49,26.74,1.03,15.38,1.96,4,20,12,16,52,Average
BPCL,Mar 2019,2.86,5.07,22.0,1.16,10.25,2.18,4,20,12,20,56,Good
BPCL,Mar 2020,1.29,3.15,10.04,1.79,3.93,1.89,4,12,12,16,44,Average
BPCL,Mar 2021,7.52,9.12,32.34,1.02,16.54,1.43,8,20,12,12,52,Average
BPCL,Mar 2022,3.37,5.52,22.51,1.24,9.24,1.85,4,20,12,16,52,Average
BPCL,Mar 2023,0.45,2.3,3.98,1.3,3.45,2.52,4,4,12,20,40,Average
BPCL,Mar 2024,5.99,9.84,35.51,0.72,11.36,2.21,8,20,16,20,64,Good
BRITANNIA,Mar 2013,4.2,6.81,46.59,0.68,11.54,3.28,4,20,16,20,60,Good
BRITANNIA,Mar 2014,5.71,9.07,49.5,0.19,82.62,3.28,8,20,20,20,68,Good
BRITANNIA,Mar 2015,8.77,11.07,55.34,0.12,274.5,2.81,8,20,20,20,68,Good
BRITANNIA,Mar 2016,9.82,14.58,39.44,0.06,267.8,2.4,8,20,20,20,68,Good
BRITANNIA,Mar 2017,9.77,14.12,32.83,0.05,285.8,2.2,8,20,20,20,68,Good
BRITANNIA,Mar 2018,10.13,15.14,29.48,0.06,208.38,1.91,12,20,20,16,68,Good
BRITANNIA,Mar 2019,10.45,15.67,27.16,0.04,215.33,1.77,12,20,20,16,68,Good
BRITANNIA,Mar 2020,12.02,15.89,31.66,0.35,27.35,1.48,12,20,20,12,64,Good
BRITANNIA,Mar 2021,14.09,19.1,52.17,0.6,25.42,1.64,12,20,16,16,64,Good
BRITANNIA,Mar 2022,10.72,15.57,59.27,0.97,16.83,1.88,12,20,16,16,64,Good
BRITANNIA,Mar 2023,14.21,17.37,65.53,0.85,20.28,1.74,12,20,16,16,64,Good
BRITANNIA,Mar 2024,12.73,18.89,54.15,0.52,20.6,1.85,12,20,16,16,64,Good
CANBK,Mar 2013,8.79,21.18,11.9,14.94,2.18,0.08,8,12,4,4,28,Weak
CANBK,Mar 2014,6.75,24.35,8.85,14.84,2.32,0.08,8,8,4,4,24,Weak
CANBK,Mar 2015,6.69,23.51,9.02,15.37,2.18,0.08,8,8,4,4,24,Weak
CANBK,Mar 2016,-5.76,40.38,-7.82,15.63,3.37,0.08,4,4,4,4,16,Weak
CANBK,Mar 2017,3.4,37.85,4.07,15.42,2.0,0.07,4,4,4,4,16,Weak
CANBK,Mar 2018,-9.37,61.87,-10.5,15.28,3.45,0.07,4,4,4,4,16,Weak
CANBK,Mar 2019,1.45,56.73,1.85,16.99,2.74,0.07,4,4,4,4,16,Weak
CANBK,Mar 2020,-3.86,53.88,-4.66,16.22,2.27,0.07,4,4,4,4,16,Weak
CANBK,Mar 2021,4.21,61.83,4.74,17.0,1.88,0.06,4,4,4,4,16,Weak
CANBK,Mar 2022,8.72,58.39,8.8,16.19,1.74,0.06,8,8,4,4,24,Weak
CANBK,Mar 2023,13.21,49.8,14.53,15.85,1.69,0.06,12,12,4,4,32,Weak
CANBK,Mar 2024,13.94,41.75,16.72,14.87,1.61,0.07,12,16,4,4,36,Weak
CHOLAFIN,Mar 2013,11.98,26.77,15.78,7.82,706.0,0.14,12,16,4,4,36,Weak
CHOLAFIN,Mar 2014,11.22,28.42,16.09,7.9,950.0,0.15,12,16,4,4,36,Weak
CHOLAFIN,Mar 2015,11.95,28.56,16.6,7.46,,0.16,12,16,4,4,36,Weak
CHOLAFIN,Mar 2016,13.64,30.04,15.67,6.14,643.5,0.15,12,16,4,4,36,Weak
CHOLAFIN,Mar 2017,15.3,28.16,16.71,5.6,448.67,0.15,16,16,4,4,40,Average
CHOLAFIN,Mar 2018,16.51,26.1,17.91,7.48,,0.13,16,16,4,4,40,Average
CHOLAFIN,Mar 2019,16.84,22.96,19.28,8.15,1659.0,0.12,16,16,4,4,40,Average
CHOLAFIN,Mar 2020,12.1,27.79,12.85,6.71,,0.14,12,12,4,4,32,Weak
CHOLAFIN,Mar 2021,15.87,30.4,15.84,6.64,52.41,0.13,16,16,4,4,40,Average
CHOLAFIN,Mar 2022,21.23,28.83,18.3,5.88,35.18,0.12,20,16,4,4,44,Average
CHOLAFIN,Mar 2023,20.68,28.1,18.58,6.79,16.58,0.11,20,16,4,4,44,Average
CHOLAFIN,Mar 2024,17.85,28.1,17.46,6.86,21.21,0.12,16,16,4,4,40,Average
CIPLA,Mar 2013,18.66,73.26,17.13,0.11,24.87,0.71,16,16,20,8,60,Good
CIPLA,Mar 2014,13.8,78.9,13.97,0.12,32.06,0.76,12,12,20,8,52,Average
CIPLA,Mar 2015,10.83,80.94,11.38,0.16,56.11,0.72,12,12,20,8,52,Average
CIPLA,Mar 2016,10.03,82.02,12.01,0.45,54.46,0.66,12,12,20,8,52,Average
CIPLA,Mar 2017,7.19,82.66,8.25,0.33,57.28,0.69,8,8,20,8,44,Average
CIPLA,Mar 2018,9.35,81.35,9.96,0.29,44.1,0.67,8,8,20,8,44,Average
CIPLA,Mar 2019,9.12,81.07,9.94,0.29,27.85,0.69,8,8,20,8,44,Average
CIPLA,Mar 2020,8.76,81.29,9.52,0.18,40.54,0.73,8,8,20,8,44,Average
CIPLA,Mar 2021,12.47,77.8,13.04,0.11,56.12,0.77,12,12,20,8,52,Average
CIPLA,Mar 2022,11.7,79.08,12.22,0.05,174.06,0.81,12,12,20,8,52,Average
CIPLA,Mar 2023,12.45,77.91,12.1,0.03,60.57,0.78,12,12,20,8,52,Average
CIPLA,Mar 2024,16.12,75.59,15.55,0.02,35.34,0.79,16,16,20,8,60,Good
COALINDIA,Mar 2013,25.41,73.52,35.81,0.03,5.74,0.62,20,20,20,8,68,Good
COALINDIA,Mar 2014,21.4,74.84,35.64,0.0,7.37,0.67,20,20,20,8,68,Good
COALINDIA,Mar 2015,18.52,76.6,34.02,0.01,8.65,0.67,16,20,20,8,64,Good
COALINDIA,Mar 2016,18.32,75.96,40.96,0.03,9.96,0.69,16,20,20,8,64,Good
COALINDIA,Mar 2017,11.87,84.07,37.85,0.12,12.36,0.66,12,20,20,8,60,Good
COALINDIA,Mar 2018,8.26,89.1,34.88,0.08,15.27,0.68,8,20,20,8,56,Good
COALINDIA,Mar 2019,17.54,74.89,66.01,0.08,12.79,0.75,16,20,20,8,64,Good
COALINDIA,Mar 2020,17.38,77.54,51.93,0.2,11.56,0.64,16,20,20,8,64,Good
COALINDIA,Mar 2021,14.11,79.31,34.78,0.16,19.09,0.56,12,20,20,8,60,Good
COALINDIA,Mar 2022,15.84,77.47,40.28,0.08,21.99,0.61,16,20,20,8,64,Good
COALINDIA,Mar 2023,22.95,68.01,52.14,0.07,14.34,0.62,20,20,20,8,68,Good
COALINDIA,Mar 2024,26.26,66.29,45.17,0.08,11.24,0.6,20,20,20,8,68,Good
DABUR,Mar 2013,12.48,16.16,36.56,0.55,18.51,1.3,12,20,16,12,60,Good
DABUR,Mar 2014,12.98,16.46,34.49,0.27,23.85,1.33,12,20,20,12,64,Good
DABUR,Mar 2015,13.7,16.93,31.84,0.22,36.85,1.28,12,20,20,12,64,Good
DABUR,Mar 2016,16.12,19.51,30.06,0.19,36.15,1.12,16,20,20,12,68,Good
DABUR,Mar 2017,16.81,19.86,26.41,0.2,33.48,0.98,16,20,20,8,64,Good
DABUR,Mar 2018,17.59,20.94,23.8,0.16,36.0,0.89,16,20,20,8,64,Good
DABUR,Mar 2019,16.98,20.43,25.67,0.12,32.7,1.01,16,20,20,12,68,Good
DABUR,Mar 2020,16.67,20.63,21.92,0.08,39.94,0.93,16,20,20,8,64,Good
DABUR,Mar 2021,17.73,20.94,22.12,0.07,75.06,0.88,16,20,20,8,64,Good
DABUR,Mar 2022,16.0,20.68,20.78,0.12,65.64,0.89,16,20,20,8,64,Good
DABUR,Mar 2023,14.75,18.75,18.96,0.13,33.42,0.84,12,16,20,8,56,Good
DABUR,Mar 2024,14.6,19.35,18.36,0.14,23.24,0.82,12,16,20,8,56,Good
DIVISLAB,Mar 2013,28.07,38.04,24.07,0.01,287.0,0.68,20,20,20,8,68,Good
DIVISLAB,Mar 2014,30.53,40.21,26.08,0.01,362.0,0.68,20,20,20,8,68,Good
DIVISLAB,Mar 2015,27.35,37.66,24.37,0.01,403.67,0.71,20,20,20,8,68,Good
DIVISLAB,Mar 2016,29.82,37.69,26.23,0.01,303.2,0.77,20,20,20,8,68,Good
DIVISLAB,Mar 2017,26.08,35.68,19.79,0.01,507.33,0.66,20,16,20,8,64,Good
DIVISLAB,Mar 2018,22.54,32.61,14.8,0.01,688.0,0.57,20,12,20,8,60,Good
DIVISLAB,Mar 2019,27.36,37.89,19.45,0.02,405.6,0.62,20,16,20,8,64,Good
DIVISLAB,Mar 2020,25.53,33.85,18.84,0.01,287.43,0.63,20,16,20,8,64,Good
DIVISLAB,Mar 2021,28.47,41.14,21.34,0.0,1462.0,0.65,20,20,20,8,68,Good
DIVISLAB,Mar 2022,33.04,43.36,25.24,0.0,1998.5,0.67,20,20,20,8,68,Good
DIVISLAB,Mar 2023,23.48,30.51,14.29,0.0,1357.0,0.54,20,12,20,8,60,Good
DIVISLAB,Mar 2024,20.4,28.17,11.79,0.0,636.25,0.51,20,12,20,8,60,Good
DLF,Mar 2013,8.58,33.87,2.59,1.03,1.69,0.12,8,4,12,4,28,Weak
DLF,Mar 2014,7.11,30.04,2.15,0.88,1.47,0.13,8,4,16,4,32,Weak
DLF,Mar 2015,6.63,39.4,1.85,0.89,1.53,0.12,8,4,16,4,32,Weak
DLF,Mar 2016,3.07,39.96,1.27,1.05,1.67,0.16,4,4,12,4,24,Weak
DLF,Mar 2017,8.61,41.92,2.88,1.19,1.54,0.13,8,4,12,4,28,Weak
DLF,Mar 2018,66.75,35.46,12.68,0.5,4.1,0.11,20,12,20,4,56,Good
DLF,Mar 2019,15.71,25.68,3.91,0.51,1.42,0.13,16,4,16,4,40,Average
DLF,Mar 2020,-9.7,18.84,-1.71,0.24,1.6,0.11,4,4,20,4,32,Weak
DLF,Mar 2021,20.0,27.13,3.06,0.19,2.17,0.1,20,4,20,4,48,Average
DLF,Mar 2022,26.24,30.49,4.13,0.12,3.1,0.11,20,4,20,4,48,Average
DLF,Mar 2023,35.72,30.31,5.4,0.09,5.21,0.11,20,8,20,4,52,Average
DLF,Mar 2024,42.38,33.05,6.91,0.12,7.46,0.11,20,8,20,4,52,Average
DMART,Mar 2013,2.81,6.44,11.91,0.67,5.35,2.24,4,12,16,20,52,Average
DMART,Mar 2014,3.44,7.28,16.84,0.67,6.38,2.59,4,16,16,20,56,Good
DMART,Mar 2015,3.29,7.08,17.67,0.75,6.61,2.73,4,16,16,20,56,Good
DMART,Mar 2016,3.73,7.74,21.04,0.78,7.48,2.77,4,20,16,20,60,Good
DMART,Mar 2017,4.03,8.14,12.47,0.39,8.17,2.04,4,12,20,20,56,Good
DMART,Mar 2018,5.36,9.0,17.26,0.09,24.02,2.66,8,16,20,20,64,Good
DMART,Mar 2019,4.51,8.16,16.14,0.13,35.77,2.86,4,16,20,20,60,Good
DMART,Mar 2020,5.23,8.56,11.74,0.03,31.71,2.06,8,12,20,20,60,Good
DMART,Mar 2021,4.55,7.23,9.02,0.03,46.17,1.77,4,8,20,16,48,Average
DMART,Mar 2022,4.82,8.08,10.91,0.05,48.44,2.0,4,12,20,20,56,Good
DMART,Mar 2023,5.55,8.49,14.79,0.04,56.22,2.37,8,12,20,20,60,Good
DMART,Mar 2024,4.99,8.08,13.56,0.03,73.29,2.4,4,12,20,20,56,Good
DRREDDY,Mar 2013,12.9,22.56,23.98,0.58,28.15,0.88,12,20,16,8,56,Good
DRREDDY,Mar 2014,14.63,24.23,24.96,0.57,26.94,0.84,12,20,16,8,56,Good
DRREDDY,Mar 2015,15.55,23.35,23.71,0.44,34.89,0.81,16,20,20,8,64,Good
DRREDDY,Mar 2016,13.69,23.03,16.95,0.27,46.75,0.77,12,16,20,8,56,Good
DRREDDY,Mar 2017,9.1,17.41,10.54,0.4,33.47,0.66,8,12,20,8,48,Average
DRREDDY,Mar 2018,6.63,16.46,7.53,0.4,31.72,0.64,8,8,20,8,44,Average
DRREDDY,Mar 2019,12.62,20.57,13.9,0.27,39.99,0.69,12,12,20,8,52,Average
DRREDDY,Mar 2020,11.57,14.14,12.99,0.14,32.11,0.75,12,12,20,8,52,Average
DRREDDY,Mar 2021,10.25,20.34,11.07,0.17,43.39,0.72,12,12,20,8,52,Average
DRREDDY,Mar 2022,10.13,17.49,11.36,0.18,45.03,0.72,12,12,20,8,52,Average
DRREDDY,Mar 2023,18.27,26.23,19.35,0.06,52.03,0.77,16,16,20,8,60,Good
DRREDDY,Mar 2024,19.91,28.32,19.74,0.07,51.71,0.72,16,16,20,8,60,Good
EICHERMOT,Dec 2012,7.43,8.61,27.07,0.01,171.5,1.43,8,20,20,12,60,Good
EICHERMOT,Dec 2013,7.71,10.5,25.55,0.04,101.0,1.28,8,20,20,12,60,Good
EICHERMOT,Dec 2014,8.03,12.79,27.9,0.02,122.3,1.36,8,20,20,12,60,Good
EICHERMOT,Mar 2016,21.68,27.38,36.63,0.01,1008.0,1.25,20,20,20,12,72,Excellent
EICHERMOT,Mar 2017,23.7,30.91,31.19,0.02,647.5,1.0,20,20,20,12,72,Excellent
EICHERMOT,Mar 2018,21.86,31.33,27.88,0.02,669.0,0.94,20,20,20,8,68,Good
EICHERMOT,Mar 2019,22.49,29.64,24.7,0.02,515.0,0.86,20,20,20,8,68,Good
EICHERMOT,Mar 2020,19.96,23.85,18.3,0.02,145.0,0.74,16,16,20,8,60,Good
EICHERMOT,Mar 2021,15.45,20.45,11.78,0.02,141.56,0.6,16,12,20,8,56,Good
EICHERMOT,Mar 2022,16.28,21.15,13.3,0.01,140.74,0.64,16,12,20,8,56,Good
EICHERMOT,Mar 2023,20.18,23.86,19.44,0.02,155.5,0.75,20,16,20,8,64,Good
EICHERMOT,Mar 2024,24.2,26.18,22.17,0.02,114.71,0.72,20,20,20,8,68,Good
GAIL,Mar 2013,8.57,14.57,15.17,0.57,19.03,0.85,8,16,16,8,48,Average
GAIL,Mar 2014,7.75,12.93,14.75,0.57,13.8,0.92,8,12,16,8,44,Average
GAIL,Mar 2015,5.22,9.3,9.29,0.54,10.09,0.87,8,8,16,8,40,Average
GAIL,Mar 2016,3.6,8.71,5.15,0.25,6.41,0.88,4,8,20,8,40,Average
GAIL,Mar 2017,6.95,12.4,8.58,0.17,14.21,0.83,8,8,20,8,44,Average
GAIL,Mar 2018,8.82,14.32,11.53,0.09,29.66,0.89,8,12,20,8,48,Average
GAIL,Mar 2019,8.6,13.04,14.24,0.05,73.31,1.11,8,12,20,12,52,Average
GAIL,Mar 2020,13.12,12.44,19.31,0.14,41.48,0.97,12,16,20,8,56,Good
GAIL,Mar 2021,10.71,12.63,11.55,0.15,56.3,0.71,12,12,20,8,52,Average
GAIL,Mar 2022,13.26,16.34,19.19,0.14,89.53,0.96,12,16,20,8,56,Good
GAIL,Mar 2023,3.84,5.15,8.62,0.27,28.28,1.35,4,8,20,12,44,Average
GAIL,Mar 2024,7.43,10.74,12.86,0.28,23.62,1.07,8,12,20,12,52,Average
GODREJCP,Mar 2013,13.18,15.52,25.51,0.74,13.67,0.83,12,20,16,8,56,Good
GODREJCP,Mar 2014,10.78,15.38,21.7,0.63,10.26,0.91,12,20,16,8,56,Good
GODREJCP,Mar 2015,11.8,16.67,22.64,0.63,12.96,0.91,12,20,16,8,56,Good
GODREJCP,Mar 2016,9.86,19.67,19.48,0.68,10.9,0.87,8,16,16,8,48,Average
GODREJCP,Mar 2017,14.11,20.58,24.67,0.75,12.88,0.72,12,20,16,8,56,Good
GODREJCP,Mar 2018,16.59,21.16,26.11,0.56,13.68,0.71,16,20,16,8,60,Good
GODREJCP,Mar 2019,22.71,20.67,32.23,0.47,10.48,0.73,20,20,20,8,68,Good
GODREJCP,Mar 2020,15.1,21.73,18.95,0.45,9.59,0.67,16,16,20,8,60,Good
GODREJCP,Mar 2021,15.6,21.75,18.23,0.2,17.55,0.77,16,16,20,8,60,Good
GODREJCP,Mar 2022,14.52,19.62,15.43,0.15,20.39,0.76,12,16,20,8,56,Good
GODREJCP,Mar 2023,12.78,18.35,12.34,0.08,13.6,0.76,12,12,20,8,52,Average
GODREJCP,Mar 2024,-3.98,20.98,-4.45,0.26,2.41,0.77,4,4,20,8,36,Weak
GRASIM,Mar 2013,13.54,21.23,19.22,0.49,20.83,0.63,12,16,20,8,56,Good
GRASIM,Mar 2014,10.43,17.35,13.67,0.45,12.28,0.59,12,12,20,8,52,Average
GRASIM,Mar 2015,8.14,16.21,11.16,0.52,8.51,0.59,8,12,16,8,44,Average
GRASIM,Mar 2016,10.02,17.14,12.6,0.46,10.07,0.58,12,12,20,8,52,Average
GRASIM,Mar 2017,11.77,20.48,13.53,0.29,12.06,0.57,12,12,20,8,52,Average
GRASIM,Mar 2018,6.6,20.78,6.43,1.17,3.28,0.27,8,8,12,4,32,Weak
GRASIM,Mar 2019,3.56,21.55,4.73,1.46,2.44,0.32,4,4,12,4,24,Weak
GRASIM,Mar 2020,9.73,15.2,11.72,1.5,2.53,0.28,8,12,12,4,36,Weak
GRASIM,Mar 2021,9.14,24.39,10.67,1.21,3.45,0.29,8,12,12,4,36,Weak
GRASIM,Mar 2022,11.71,21.35,14.8,0.99,4.62,0.33,12,12,16,4,44,Average
GRASIM,Mar 2023,9.42,18.35,14.07,1.31,4.19,0.35,8,12,12,4,36,Weak
GRASIM,Mar 2024,7.58,20.76,11.2,1.55,3.02,0.32,8,12,12,4,36,Weak
HAL,Mar 2017,14.57,18.03,1966.92,0.02,267.5,105.59,12,20,20,20,72,Excellent
HAL,Mar 2018,10.73,18.68,1528.46,0.02,120.6,111.56,12,20,20,20,72,Excellent
HAL,Mar 2019,11.73,22.84,1763.91,0.06,27.94,114.33,12,20,20,20,72,Excellent
HAL,Mar 2020,13.25,22.76,2059.42,0.01,14.75,123.96,12,20,20,20,72,Excellent
HAL,Mar 2021,14.16,23.34,2249.31,0.04,21.35,123.02,12,20,20,20,72,Excellent
HAL,Mar 2022,20.66,22.01,3324.18,0.08,98.55,121.88,20,20,20,20,80,Excellent
HAL,Mar 2023,21.58,24.77,3283.05,0.27,130.33,99.37,20,20,20,20,80,Excellent
HAL,Mar 2024,25.0,32.09,3816.58,0.62,270.88,67.51,20,20,16,20,76,Excellent
HAVELLS,Mar 2013,8.14,9.45,40.29,0.68,7.28,1.6,8,20,16,16,60,Good
HAVELLS,Mar 2014,5.54,9.65,26.77,0.63,7.96,1.51,8,20,16,16,60,Good
HAVELLS,Mar 2015,4.55,8.92,21.18,0.23,8.36,1.77,4,20,20,16,60,Good
HAVELLS,Mar 2016,17.12,10.48,42.95,0.04,19.18,1.73,16,20,20,16,72,Excellent
HAVELLS,Mar 2017,8.06,13.3,15.08,0.06,65.92,1.19,8,16,20,12,56,Good
HAVELLS,Mar 2018,8.14,12.73,17.72,0.03,45.2,1.23,8,16,20,12,56,Good
HAVELLS,Mar 2019,7.82,11.8,18.77,0.02,82.06,1.41,8,16,20,12,56,Good
HAVELLS,Mar 2020,7.79,11.3,17.05,0.02,23.02,1.33,8,16,20,12,56,Good
HAVELLS,Mar 2021,9.98,15.2,20.17,0.1,19.73,1.18,8,20,20,12,60,Good
HAVELLS,Mar 2022,8.58,12.73,19.92,0.1,28.87,1.32,8,16,20,12,56,Good
HAVELLS,Mar 2023,6.34,9.59,16.18,0.03,32.71,1.52,8,16,20,16,60,Good
HAVELLS,Mar 2024,6.84,10.12,17.07,0.04,25.36,1.5,8,16,20,16,60,Good
HCLTECH,Jun 2013,15.79,22.2,30.69,0.08,56.72,1.14,16,20,20,12,68,Good
HCLTECH,Jun 2014,20.31,25.0,33.39,0.05,76.42,1.07,20,20,20,12,72,Excellent
HCLTECH,Jun 2015,20.0,23.12,30.31,0.03,105.63,1.04,20,20,20,12,72,Excellent
HCLTECH,Mar 2017,18.09,21.84,26.12,0.02,128.75,1.04,16,20,20,12,68,Good
HCLTECH,Mar 2018,17.25,22.24,23.97,0.02,180.81,1.05,16,20,20,12,68,Good
HCLTECH,Mar 2019,16.75,23.05,24.46,0.1,85.45,1.04,16,20,20,12,68,Good
HCLTECH,Mar 2020,15.64,24.5,21.57,0.16,35.46,0.85,16,20,20,8,64,Good
HCLTECH,Mar 2021,14.82,26.6,18.64,0.11,41.05,0.88,12,16,20,8,56,Good
HCLTECH,Mar 2022,15.79,23.97,21.84,0.1,67.7,0.96,16,20,20,8,64,Good
HCLTECH,Mar 2023,14.63,22.3,22.7,0.07,67.95,1.09,12,20,20,12,64,Good
HCLTECH,Mar 2024,14.29,22.02,23.01,0.08,46.46,1.11,12,20,20,12,64,Good
HDFCBANK,Mar 2013,19.25,35.22,18.84,9.16,1.77,0.09,16,16,4,4,40,Average
HDFCBANK,Mar 2014,20.6,31.74,19.85,9.43,1.63,0.08,20,16,4,4,44,Average
HDFCBANK,Mar 2015,21.12,31.9,16.95,8.07,1.69,0.08,20,16,4,4,44,Average
HDFCBANK,Mar 2016,20.3,31.75,17.25,8.74,1.79,0.08,20,16,4,4,44,Average
HDFCBANK,Mar 2017,20.9,32.56,16.69,8.08,1.85,0.08,20,16,4,4,44,Average
HDFCBANK,Mar 2018,21.76,34.63,16.94,8.62,1.84,0.08,20,16,4,4,44,Average
HDFCBANK,Mar 2019,21.34,33.15,14.61,7.03,1.84,0.08,20,12,4,4,40,Average
HDFCBANK,Mar 2020,22.34,37.2,15.48,7.56,1.83,0.08,20,16,4,4,44,Average
HDFCBANK,Mar 2021,24.78,40.81,15.18,7.2,1.92,0.07,20,16,4,4,44,Average
HDFCBANK,Mar 2022,28.07,41.61,15.43,7.22,1.78,0.06,20,16,4,4,44,Average
HDFCBANK,Mar 2023,27.03,36.92,15.94,7.39,1.86,0.07,20,16,4,4,44,Average
HDFCBANK,Mar 2024,23.07,61.41,14.34,6.81,1.4,0.07,20,12,4,4,40,Average
HDFCLIFE,Mar 2013,3.18,96.27,33.43,0.0,483.54,0.34,4,20,20,4,48,Average
HDFCLIFE,Mar 2014,4.22,96.48,37.6,0.0,68.73,0.33,4,20,20,4,48,Average
HDFCLIFE,Mar 2015,2.89,96.79,30.93,0.0,333.47,0.39,4,20,20,4,48,Average
HDFCLIFE,Mar 2016,4.5,94.74,26.33,0.0,159.19,0.24,4,20,20,4,48,Average
HDFCLIFE,Mar 2017,2.89,96.83,23.18,0.0,213.5,0.32,4,20,20,4,48,Average
HDFCLIFE,Mar 2018,3.43,96.67,23.53,0.0,110.6,0.29,4,20,20,4,48,Average
HDFCLIFE,Mar 2019,3.29,96.87,22.65,0.0,276.79,0.3,4,20,20,4,48,Average
HDFCLIFE,Mar 2020,4.41,96.12,19.05,0.0,76.54,0.22,4,16,20,4,44,Average
HDFCLIFE,Mar 2021,1.9,98.27,15.75,0.07,157.97,0.4,4,16,20,4,44,Average
HDFCLIFE,Mar 2022,1.98,98.84,8.5,0.04,86.62,0.29,4,8,20,4,36,Weak
HDFCLIFE,Mar 2023,1.95,99.89,10.53,0.07,48.8,0.28,4,12,20,4,40,Average
HDFCLIFE,Mar 2024,1.55,99.48,10.73,0.06,192.29,0.34,4,12,20,4,40,Average
HEROMOTOCO,Mar 2014,8.32,85.94,37.38,0.05,50.55,2.5,8,20,20,20,68,Good
HEROMOTOCO,Mar 2015,8.58,87.22,36.15,0.02,73.94,2.58,8,20,20,20,68,Good
HEROMOTOCO,Mar 2016,10.94,84.45,35.23,0.03,57.12,2.21,12,20,20,20,72,Excellent
HEROMOTOCO,Mar 2017,12.39,83.97,34.37,0.03,28.97,1.87,12,20,20,16,68,Good
HEROMOTOCO,Mar 2018,11.47,83.57,31.09,0.02,48.12,1.87,12,20,20,16,68,Good
HEROMOTOCO,Mar 2019,10.2,85.21,26.42,0.02,39.08,1.84,12,20,20,16,68,Good
HEROMOTOCO,Mar 2020,12.51,86.09,25.4,0.03,17.57,1.49,12,20,20,12,64,Good
HEROMOTOCO,Mar 2021,9.48,86.9,19.05,0.04,48.67,1.34,8,16,20,12,56,Good
HEROMOTOCO,Mar 2022,7.88,88.98,14.7,0.04,48.27,1.31,8,12,20,12,52,Average
HEROMOTOCO,Mar 2023,8.2,88.0,16.81,0.03,53.04,1.43,8,16,20,12,56,Good
HEROMOTOCO,Mar 2024,9.9,86.15,21.14,0.03,47.27,1.44,8,20,20,12,60,Good
HINDALCO,Mar 2013,3.75,90.4,8.51,1.61,65.26,0.67,4,8,12,8,32,Weak
HINDALCO,Mar 2014,2.5,90.85,5.41,1.59,117.7,0.64,4,8,12,8,32,Weak
HINDALCO,Mar 2015,0.25,91.52,0.68,1.79,-114.72,0.74,4,4,12,8,28,Weak
HINDALCO,Mar 2016,-0.71,92.12,-1.73,1.66,60.66,0.7,4,4,12,8,28,Weak
HINDALCO,Mar 2017,1.88,87.71,4.09,1.39,73.35,0.69,4,4,12,8,28,Weak
HINDALCO,Mar 2018,5.28,88.11,11.09,0.95,35.26,0.78,8,12,16,8,44,Average
HINDALCO,Mar 2019,4.21,88.12,9.56,0.91,102.08,0.86,4,8,16,8,36,Weak
HINDALCO,Mar 2020,3.19,87.89,6.46,1.17,114.62,0.7,4,8,12,8,32,Weak
HINDALCO,Mar 2021,2.64,86.7,5.23,1.01,-115.97,0.7,4,8,12,8,32,Weak
HINDALCO,Mar 2022,7.04,85.47,17.56,0.82,133.06,0.88,8,16,16,8,48,Average
HINDALCO,Mar 2023,4.52,89.85,10.65,0.64,153.44,1.0,4,12,16,12,44,Average
HINDALCO,Mar 2024,4.7,88.95,9.57,0.53,126.47,0.94,4,8,16,8,36,Weak
HINDUNILVR,Mar 2013,14.22,84.37,134.0,0.01,20.3,2.23,12,20,20,20,72,Excellent
HINDUNILVR,Mar 2014,13.53,83.72,111.85,0.01,30.92,2.13,12,20,20,20,72,Excellent
HINDUNILVR,Mar 2015,13.69,83.07,108.67,0.01,21.31,2.22,12,20,20,20,72,Excellent
HINDUNILVR,Mar 2016,12.9,81.64,63.15,0.03,54.1,2.18,12,20,20,20,72,Excellent
HINDUNILVR,Mar 2017,13.54,80.92,66.58,0.04,44.31,2.11,12,20,20,20,72,Excellent
HINDUNILVR,Mar 2018,14.71,78.9,71.79,0.0,79.51,1.99,12,20,20,16,68,Good
HINDUNILVR,Mar 2019,15.42,77.41,77.03,0.01,94.57,2.11,16,20,20,20,76,Excellent
HINDUNILVR,Mar 2020,16.98,75.21,82.1,0.0,70.63,1.97,16,20,20,16,72,Excellent
HINDUNILVR,Mar 2021,17.01,75.28,16.78,0.0,208.39,0.68,16,16,20,8,60,Good
HINDUNILVR,Mar 2022,16.95,75.49,18.12,0.02,180.89,0.74,16,16,20,8,60,Good
HINDUNILVR,Mar 2023,16.74,76.65,20.16,0.02,103.7,0.83,16,20,20,8,64,Good
HINDUNILVR,Mar 2024,16.61,76.32,20.07,0.03,57.85,0.79,16,20,20,8,64,Good
ICICIBANK,Mar 2013,22.57,70.59,14.73,7.09,1.08,0.07,20,12,4,4,40,Average
ICICIBANK,Mar 2014,23.6,66.4,15.28,7.11,1.09,0.07,20,16,4,4,44,Average
ICICIBANK,Mar 2015,23.55,70.53,15.28,7.05,1.1,0.07,20,16,4,4,44,Average
ICICIBANK,Mar 2016,18.43,88.12,11.61,7.13,1.24,0.06,16,12,4,4,36,Weak
ICICIBANK,Mar 2017,18.61,104.76,10.84,6.7,1.22,0.06,16,12,4,4,36,Weak
ICICIBANK,Mar 2018,14.64,117.12,8.23,7.37,1.28,0.06,12,8,4,4,28,Weak
ICICIBANK,Mar 2019,7.9,116.38,4.98,7.8,1.41,0.06,8,4,4,4,20,Weak
ICICIBANK,Mar 2020,13.23,100.62,9.13,8.25,1.31,0.06,12,8,4,4,28,Weak
ICICIBANK,Mar 2021,22.84,102.41,12.92,7.0,1.26,0.06,20,12,4,4,40,Average
ICICIBANK,Mar 2022,27.82,84.69,14.58,6.88,1.3,0.05,20,12,4,4,40,Average
ICICIBANK,Mar 2023,29.29,72.57,16.53,6.53,1.35,0.06,20,16,4,4,44,Average
ICICIBANK,Mar 2024,28.89,62.41,17.99,6.45,1.3,0.07,20,16,4,4,44,Average
ICICIGI,Mar 2013,8.8,104.46,18.88,0.0,7.15,0.32,8,16,20,4,48,Average
ICICIGI,Mar 2014,11.95,105.19,21.72,0.0,5.6,0.3,12,20,20,4,56,Good
ICICIGI,Mar 2015,13.82,105.24,20.27,0.0,4.49,0.29,12,20,20,4,56,Good
ICICIGI,Mar 2016,8.4,87.34,15.66,0.0,,0.38,8,16,20,4,48,Average
ICICIGI,Mar 2017,9.34,87.78,18.0,0.12,-3306.5,0.32,8,16,20,4,48,Average
ICICIGI,Mar 2018,12.47,103.79,18.98,0.11,4.57,0.23,12,16,20,4,52,Average
ICICIGI,Mar 2019,9.4,85.05,19.43,0.09,-4754.5,0.33,8,16,20,4,48,Average
ICICIGI,Mar 2020,10.37,84.61,19.47,0.08,650.67,0.31,12,16,20,4,52,Average
ICICIGI,Mar 2021,12.11,82.97,19.38,0.06,842.25,0.31,12,16,20,4,52,Average
ICICIGI,Mar 2022,7.93,93.66,13.83,0.03,18.56,0.32,8,12,20,4,44,Average
ICICIGI,Mar 2023,9.67,92.93,16.55,0.0,16.77,0.32,8,16,20,4,48,Average
ICICIGI,Mar 2024,9.37,87.42,15.72,0.0,160.03,0.32,8,16,20,4,48,Average
ICICIPRULI,Mar 2013,7.57,96.28,38.25,0.0,21.43,0.27,8,20,20,4,52,Average
ICICIPRULI,Mar 2014,7.13,93.13,35.61,0.0,158.07,0.27,8,20,20,4,52,Average
ICICIPRULI,Mar 2015,4.76,95.2,31.15,0.0,762.86,0.34,4,20,20,4,48,Average
ICICIPRULI,Mar 2016,7.91,91.17,31.0,0.19,,0.2,8,20,20,4,52,Average
ICICIPRULI,Mar 2017,4.45,95.22,26.26,0.0,277.04,0.3,4,20,20,4,48,Average
ICICIPRULI,Mar 2018,4.17,95.44,24.63,0.0,280.81,0.27,4,20,20,4,48,Average
ICICIPRULI,Mar 2019,2.75,98.7,16.58,0.0,50.34,0.25,4,16,20,4,44,Average
ICICIPRULI,Mar 2020,5.07,101.52,14.79,0.0,13.52,0.13,8,12,20,4,44,Average
ICICIPRULI,Mar 2021,1.15,100.47,10.5,0.13,50.07,0.38,4,12,20,4,40,Average
ICICIPRULI,Mar 2022,1.19,103.4,8.29,0.13,20.6,0.26,4,8,20,4,36,Weak
ICICIPRULI,Mar 2023,1.61,103.48,8.06,0.12,17.86,0.2,4,8,20,4,36,Weak
ICICIPRULI,Mar 2024,0.94,102.03,7.73,0.11,31.02,0.3,4,8,20,4,36,Weak
INDUSINDBK,Mar 2013,15.19,27.88,13.91,8.33,1.43,0.1,16,12,4,4,36,Weak
INDUSINDBK,Mar 2014,17.06,30.95,15.57,8.32,1.35,0.09,16,16,4,4,40,Average
INDUSINDBK,Mar 2015,18.51,32.33,16.85,8.9,1.23,0.09,16,16,4,4,40,Average
INDUSINDBK,Mar 2016,19.26,35.28,12.92,6.67,1.27,0.08,16,12,4,4,36,Weak
INDUSINDBK,Mar 2017,19.91,39.46,13.89,7.22,1.36,0.08,16,12,4,4,36,Weak
INDUSINDBK,Mar 2018,20.87,37.93,15.13,7.97,1.38,0.08,20,16,4,4,44,Average
INDUSINDBK,Mar 2019,14.83,41.7,12.37,9.08,1.64,0.08,12,12,4,4,32,Weak
INDUSINDBK,Mar 2020,15.35,43.81,12.73,7.57,1.81,0.09,16,12,4,4,36,Weak
INDUSINDBK,Mar 2021,9.78,55.16,6.54,7.09,2.44,0.08,8,8,4,4,24,Weak
INDUSINDBK,Mar 2022,14.96,51.39,9.67,7.15,2.16,0.08,12,8,4,4,28,Weak
INDUSINDBK,Mar 2023,20.32,42.69,13.53,7.06,1.9,0.08,20,12,4,4,40,Average
INDUSINDBK,Mar 2024,19.56,38.55,14.25,6.89,1.88,0.09,16,12,4,4,36,Weak
INFY,Mar 2013,23.37,28.59,24.82,0.0,2780.6,0.87,20,20,20,8,68,Good
INFY,Mar 2014,21.26,26.71,23.93,0.0,1783.78,0.88,20,20,20,8,68,Good
INFY,Mar 2015,23.2,27.91,24.39,0.0,1526.08,0.8,20,20,20,8,68,Good
INFY,Mar 2016,21.6,27.35,21.85,0.0,,0.83,20,20,20,8,68,Good
INFY,Mar 2017,20.96,27.17,20.81,0.0,,0.82,20,20,20,8,68,Good
INFY,Mar 2018,22.73,26.69,24.69,0.0,,0.89,20,20,20,8,68,Good
INFY,Mar 2019,18.64,24.4,23.73,0.0,,0.98,16,20,20,8,64,Good
INFY,Mar 2020,18.33,24.53,25.42,0.07,147.47,0.99,16,20,20,8,64,Good
INFY,Mar 2021,19.33,27.76,25.44,0.07,154.31,0.93,16,20,20,8,64,Good
INFY,Mar 2022,18.21,25.89,29.39,0.07,168.93,1.04,16,20,20,12,68,Good
INFY,Mar 2023,16.43,23.94,31.97,0.11,133.21,1.18,16,20,20,12,68,Good
INFY,Mar 2024,17.08,23.7,29.79,0.09,87.52,1.13,16,20,20,12,68,Good
IOC,Mar 2013,0.79,3.0,5.75,1.42,2.42,1.91,4,8,12,16,40,Average
IOC,Mar 2014,1.43,3.53,10.26,1.4,3.75,1.84,4,12,12,16,44,Average
IOC,Mar 2015,1.08,2.35,7.08,0.94,3.91,1.92,4,8,16,16,44,Average
IOC,Mar 2016,3.59,6.37,13.8,0.65,7.82,1.49,4,12,16,12,44,Average
IOC,Mar 2017,5.74,9.61,19.97,0.62,10.29,1.3,8,16,16,12,52,Average
IOC,Mar 2018,5.37,9.88,19.87,0.58,11.87,1.42,8,16,16,12,52,Average
IOC,Mar 2019,3.27,6.68,15.36,0.86,7.99,1.57,4,16,16,16,52,Average
IOC,Mar 2020,-0.39,3.32,-1.97,1.36,1.53,1.47,4,4,12,12,32,Weak
IOC,Mar 2021,5.98,10.97,19.46,1.04,15.21,1.02,8,16,12,12,48,Average
IOC,Mar 2022,4.37,8.1,19.27,0.99,9.55,1.43,4,16,16,12,48,Average
IOC,Mar 2023,1.39,3.65,8.38,1.07,4.72,1.9,4,8,12,16,40,Average
IOC,Mar 2024,5.56,9.74,23.53,0.72,10.28,1.61,8,20,16,16,60,Good
IRCTC,Mar 2015,12.37,14.35,29.5,0.0,,0.91,12,20,20,8,60,Good
IRCTC,Mar 2016,13.83,13.9,34.87,0.0,,0.95,12,20,20,8,60,Good
IRCTC,Mar 2017,15.07,20.66,29.1,0.0,127.0,0.83,16,20,20,8,64,Good
IRCTC,Mar 2018,15.08,18.69,23.14,0.0,124.33,0.63,16,20,20,8,64,Good
IRCTC,Mar 2019,16.52,20.48,28.85,0.0,254.5,0.72,16,20,20,8,64,Good
IRCTC,Mar 2020,22.66,31.05,39.04,0.0,78.0,0.7,20,20,20,8,68,Good
IRCTC,Mar 2021,24.07,24.2,12.84,0.05,39.0,0.25,20,12,20,4,56,Good
IRCTC,Mar 2022,35.13,46.51,35.29,0.06,86.0,0.48,20,20,20,4,64,Good
IRCTC,Mar 2023,28.41,36.04,40.6,0.03,89.0,0.7,20,20,20,8,68,Good
IRCTC,Mar 2024,26.02,34.33,34.4,0.02,82.74,0.7,20,20,20,8,68,Good
IRFC,Mar 2016,11.31,99.48,7.37,7.59,1.35,0.07,12,8,4,4,28,Weak
IRFC,Mar 2017,10.32,99.71,7.78,8.86,1.31,0.07,12,8,4,4,28,Weak
IRFC,Mar 2018,22.18,99.59,14.75,9.62,1.39,0.06,20,12,4,4,40,Average
IRFC,Mar 2019,20.25,99.56,9.01,6.95,1.35,0.05,20,8,4,4,36,Weak
IRFC,Mar 2020,23.78,99.51,10.54,7.74,1.31,0.05,20,12,4,4,40,Average
IRFC,Mar 2021,28.0,99.28,12.3,9.0,1.39,0.04,20,12,4,4,40,Average
IRFC,Mar 2022,30.0,99.4,14.85,9.47,1.43,0.05,20,12,4,4,40,Average
IRFC,Mar 2023,26.0,99.44,13.8,9.38,1.35,0.05,20,12,4,4,40,Average
IRFC,Mar 2024,24.06,99.5,13.04,8.38,1.32,0.05,20,12,4,4,40,Average
ITC,Mar 2013,24.37,35.49,33.27,0.0,111.79,0.89,20,20,20,8,68,Good
ITC,Mar 2014,25.49,37.05,33.05,0.01,484.34,0.86,20,20,20,8,68,Good
ITC,Mar 2015,25.19,36.72,30.81,0.01,170.12,0.84,20,20,20,8,68,Good
ITC,Mar 2016,24.24,37.08,22.26,0.0,205.31,0.76,20,20,20,8,68,Good
ITC,Mar 2017,24.5,36.17,22.57,0.0,351.61,0.77,20,20,20,8,68,Good
ITC,Mar 2018,26.45,38.02,21.89,0.0,163.14,0.68,20,20,20,8,68,Good
ITC,Mar 2019,26.55,38.35,21.7,0.0,290.38,0.67,20,20,20,8,68,Good
ITC,Mar 2020,31.57,39.17,23.89,0.0,268.65,0.64,20,20,20,8,68,Good
ITC,Mar 2021,27.17,34.64,22.18,0.0,338.66,0.67,20,20,20,8,68,Good
ITC,Mar 2022,25.56,34.01,24.82,0.0,375.55,0.79,20,20,20,8,68,Good
ITC,Mar 2023,27.46,36.24,28.16,0.0,356.44,0.83,20,20,20,8,68,Good
ITC,Mar 2024,29.28,37.02,27.85,0.0,362.96,0.77,20,20,20,8,68,Good
JINDALSTEL,Mar 2013,14.9,30.83,13.89,1.16,6.03,0.35,12,12,12,4,40,Average
JINDALSTEL,Mar 2014,9.83,30.07,8.39,1.61,3.4,0.28,8,8,12,4,32,Weak
JINDALSTEL,Mar 2015,-7.48,28.16,-6.9,2.16,1.41,0.26,4,4,8,4,20,Weak
JINDALSTEL,Mar 2016,-15.86,17.65,-9.52,1.44,1.03,0.21,4,4,12,4,24,Weak
JINDALSTEL,Mar 2017,-11.75,21.8,-8.45,1.53,1.26,0.24,4,4,12,4,24,Weak
JINDALSTEL,Mar 2018,-4.85,19.43,-5.32,1.41,1.52,0.37,4,4,12,4,24,Weak
JINDALSTEL,Mar 2019,-5.14,17.91,-7.52,1.23,1.63,0.53,4,4,12,8,28,Weak
JINDALSTEL,Mar 2020,-1.05,18.01,-1.24,1.15,1.83,0.42,4,4,12,4,24,Weak
JINDALSTEL,Mar 2021,12.34,31.62,13.41,0.94,4.08,0.44,12,12,16,4,44,Average
JINDALSTEL,Mar 2022,13.22,30.32,18.99,0.38,7.24,0.67,12,16,20,8,56,Good
JINDALSTEL,Mar 2023,7.47,18.68,10.27,0.34,6.5,0.77,8,12,20,8,48,Average
JINDALSTEL,Mar 2024,11.8,20.26,13.41,0.37,8.0,0.64,12,12,20,8,52,Average
JIOFIN,Mar 2023,68.89,86.67,0.03,0.01,,0.0,20,4,20,4,48,Average
JIOFIN,Mar 2024,86.52,84.04,1.15,0.0,198.8,0.01,20,4,20,4,48,Average
JSWENERGY,Mar 2013,10.16,31.58,14.52,1.67,2.92,0.44,12,12,12,4,40,Average
JSWENERGY,Mar 2014,8.79,37.64,11.57,1.54,2.55,0.45,8,12,12,4,36,Weak
JSWENERGY,Mar 2015,14.53,38.77,18.06,1.24,3.36,0.48,12,16,12,4,44,Average
JSWENERGY,Mar 2016,14.86,41.01,15.05,1.53,2.92,0.34,12,16,12,4,44,Average
JSWENERGY,Mar 2017,7.54,40.23,6.01,1.38,2.1,0.29,8,8,12,4,32,Weak
JSWENERGY,Mar 2018,1.06,33.71,0.77,1.07,1.9,0.3,4,4,12,4,24,Weak
JSWENERGY,Mar 2019,7.49,31.24,5.79,0.89,2.73,0.35,8,8,16,4,36,Weak
JSWENERGY,Mar 2020,13.07,35.74,9.28,0.84,3.17,0.33,12,8,16,4,40,Average
JSWENERGY,Mar 2021,11.89,42.08,5.67,0.58,3.53,0.26,12,8,16,4,40,Average
JSWENERGY,Mar 2022,21.34,43.74,10.01,0.51,5.34,0.27,20,12,16,4,52,Average
JSWENERGY,Mar 2023,14.32,31.77,7.94,1.34,4.69,0.21,12,8,12,4,36,Weak
JSWENERGY,Mar 2024,15.02,46.86,8.28,1.52,2.85,0.2,16,8,12,4,40,Average
JSWSTEEL,Mar 2013,2.43,17.04,5.44,1.27,3.15,0.66,4,8,12,8,32,Weak
JSWSTEEL,Mar 2014,0.78,17.9,1.9,1.68,2.47,0.66,4,4,12,8,28,Weak
JSWSTEEL,Mar 2015,3.25,17.68,7.73,1.74,2.71,0.62,4,8,12,8,32,Weak
JSWSTEEL,Mar 2016,-1.16,15.46,-2.54,2.23,1.24,0.51,4,4,8,8,24,Weak
JSWSTEEL,Mar 2017,6.24,22.14,15.31,1.91,3.27,0.63,8,16,12,8,44,Average
JSWSTEEL,Mar 2018,8.5,20.74,21.83,1.41,3.98,0.78,8,20,12,8,48,Average
JSWSTEEL,Mar 2019,8.88,22.33,21.62,1.36,4.88,0.74,8,20,12,8,48,Average
JSWSTEEL,Mar 2020,5.34,16.11,10.71,1.68,2.7,0.56,8,12,12,8,40,Average
JSWSTEEL,Mar 2021,9.86,25.27,16.84,1.33,5.22,0.54,8,16,12,8,44,Average
JSWSTEEL,Mar 2022,14.3,26.72,31.11,1.07,8.2,0.74,12,20,12,8,52,Average
JSWSTEEL,Mar 2023,2.49,11.13,6.3,1.23,2.9,0.79,4,8,12,8,32,Weak
JSWSTEEL,Mar 2024,5.13,16.09,11.55,1.13,3.66,0.77,8,12,12,8,40,Average
KOTAKBANK,Mar 2013,20.65,60.92,14.66,5.6,1.29,0.09,20,12,4,4,40,Average
KOTAKBANK,Mar 2014,21.08,58.84,13.24,4.5,1.33,0.1,20,12,4,4,40,Average
KOTAKBANK,Mar 2015,23.31,72.96,14.01,4.71,1.19,0.09,20,12,4,4,40,Average
KOTAKBANK,Mar 2016,17.27,56.57,10.56,5.39,1.51,0.08,16,12,4,4,36,Weak
KOTAKBANK,Mar 2017,22.48,66.44,13.04,5.33,1.27,0.08,20,12,4,4,40,Average
KOTAKBANK,Mar 2018,24.9,66.87,12.4,4.95,1.23,0.07,20,12,4,4,40,Average
KOTAKBANK,Mar 2019,24.15,66.23,12.47,5.05,1.22,0.08,20,12,4,4,40,Average
KOTAKBANK,Mar 2020,25.67,67.45,12.9,4.9,1.34,0.08,20,12,4,4,40,Average
KOTAKBANK,Mar 2021,30.44,90.83,11.85,3.88,1.26,0.07,20,12,4,4,40,Average
KOTAKBANK,Mar 2022,35.83,90.98,12.51,3.78,1.23,0.06,20,12,4,4,40,Average
KOTAKBANK,Mar 2023,35.41,79.44,13.35,3.75,1.29,0.07,20,12,4,4,40,Average
KOTAKBANK,Mar 2024,32.39,83.67,14.01,4.0,1.24,0.07,20,12,4,4,40,Average
LICI,Mar 2019,0.46,1.04,324.32,332.59,,0.17,4,20,4,4,32,Weak
LICI,Mar 2020,0.43,-1.11,270.46,252.91,,0.18,4,20,4,4,32,Weak
LICI,Mar 2021,0.43,-0.04,43.2,0.0,,0.18,4,20,20,4,48,Average
LICI,Mar 2022,0.57,0.46,36.38,0.0,,0.17,4,20,20,4,48,Average
LICI,Mar 2023,4.59,4.36,77.86,0.0,545.55,0.17,4,20,20,4,48,Average
LICI,Mar 2024,4.84,3.87,49.45,0.0,371.94,0.16,4,20,20,4,48,Average
LODHA,Mar 2016,8.52,25.77,17.69,3.48,2.67,0.27,8,16,4,4,32,Weak
LODHA,Mar 2017,7.37,20.36,14.48,4.01,2.99,0.23,8,12,4,4,28,Weak
LODHA,Mar 2018,8.21,17.38,15.41,4.39,5.04,0.24,8,16,4,4,32,Weak
LODHA,Mar 2019,13.81,26.7,42.8,6.68,5.72,0.24,12,20,4,4,40,Average
LODHA,Mar 2020,5.96,15.41,16.3,4.05,2.75,0.31,8,16,4,4,32,Weak
LODHA,Mar 2021,0.88,25.38,1.04,3.96,1.09,0.14,4,4,4,4,16,Weak
LODHA,Mar 2022,13.08,23.68,9.98,0.95,3.6,0.24,12,8,16,4,40,Average
LODHA,Mar 2023,5.17,21.8,3.87,0.72,2.13,0.24,8,4,16,4,32,Weak
LODHA,Mar 2024,15.06,25.83,8.9,0.44,5.63,0.22,16,8,20,4,48,Average
LT,Mar 2013,7.11,15.31,395.15,0.17,3.0,31.97,8,20,20,20,68,Good
LT,Mar 2014,5.74,16.56,303.42,0.07,2.37,31.9,8,20,20,20,68,Good
LT,Mar 2015,5.4,17.06,245.11,0.11,2.35,30.87,8,20,20,20,68,Good
LT,Mar 2016,4.54,15.31,216.09,0.03,2.42,32.24,4,20,20,20,64,Good
LT,Mar 2017,5.93,15.2,206.3,0.0,2.65,24.75,8,20,20,20,68,Good
LT,Mar 2018,6.69,16.8,207.36,0.0,2.8,22.43,8,20,20,20,68,Good
LT,Mar 2019,7.56,16.91,208.81,0.0,2.74,20.29,8,20,20,20,68,Good
LT,Mar 2020,7.49,16.88,201.59,0.17,2.5,16.5,8,20,20,20,68,Good
LT,Mar 2021,9.5,17.25,176.9,0.11,2.69,12.7,8,20,20,20,68,Good
LT,Mar 2022,6.66,15.53,72.92,0.02,2.89,7.61,8,20,20,20,68,Good
LT,Mar 2023,6.83,14.82,75.52,0.09,3.18,7.81,8,20,20,20,68,Good
LT,Mar 2024,7.03,13.51,77.67,0.1,3.54,8.03,8,20,20,20,68,Good
LTIM,Mar 2013,14.59,22.59,41.97,0.17,42.48,1.65,12,20,20,16,68,Good
LTIM,Mar 2014,20.24,23.31,61.86,0.07,44.0,1.85,20,20,20,16,76,Excellent
LTIM,Mar 2015,15.45,20.19,37.96,0.11,110.4,1.67,16,20,20,16,72,Excellent
LTIM,Mar 2016,14.3,17.58,39.34,0.03,202.5,1.86,12,20,20,16,68,Good
LTIM,Mar 2017,14.94,18.92,30.88,0.0,472.33,1.47,12,20,20,12,64,Good
LTIM,Mar 2018,15.22,16.25,28.81,0.0,100.81,1.37,16,20,20,12,68,Good
LTIM,Mar 2019,16.05,19.93,30.98,0.0,198.64,1.42,16,20,20,12,68,Good
LTIM,Mar 2020,13.97,18.65,28.13,0.17,28.41,1.23,12,20,20,12,64,Good
LTIM,Mar 2021,15.67,22.03,26.53,0.11,37.96,1.16,16,20,20,12,68,Good
LTIM,Mar 2022,15.13,20.1,27.65,0.02,48.9,1.27,16,20,20,12,68,Good
LTIM,Mar 2023,13.29,18.41,26.58,0.09,44.43,1.41,12,20,20,12,64,Good
LTIM,Mar 2024,12.91,17.98,22.9,0.1,31.93,1.29,12,20,20,12,64,Good
M&M,Mar 2013,6.01,13.27,20.69,1.44,4.33,0.9,8,20,12,8,48,Average
M&M,Mar 2014,6.96,13.74,22.11,1.51,3.7,0.84,8,20,12,8,48,Average
M&M,Mar 2015,4.73,12.31,13.08,1.47,3.04,0.76,4,12,12,8,36,Weak
M&M,Mar 2016,4.69,13.29,13.42,1.57,3.41,0.76,4,12,12,8,36,Weak
M&M,Mar 2017,4.84,12.81,13.6,1.64,3.51,0.74,4,12,12,8,36,Weak
M&M,Mar 2018,8.64,14.36,21.64,1.52,4.41,0.68,8,20,12,8,48,Average
M&M,Mar 2019,5.75,14.52,15.05,1.77,3.56,0.65,8,16,12,8,44,Average
M&M,Mar 2020,-0.43,13.48,-0.8,2.05,1.83,0.45,4,4,8,4,20,Weak
M&M,Mar 2021,2.04,15.46,3.64,1.94,2.07,0.45,4,4,12,4,24,Weak
M&M,Mar 2022,8.04,16.28,15.39,1.65,3.56,0.52,8,16,12,8,44,Average
M&M,Mar 2023,9.38,16.73,20.18,1.64,4.16,0.59,8,20,12,8,48,Average
M&M,Mar 2024,8.82,17.9,18.54,1.64,3.76,0.59,8,16,12,8,44,Average
MARUTI,Mar 2013,5.58,9.84,12.98,0.08,26.05,1.61,8,12,20,16,56,Good
MARUTI,Mar 2014,6.41,11.92,13.28,0.09,32.79,1.42,8,12,20,12,52,Average
MARUTI,Mar 2015,7.5,13.57,15.66,0.03,35.36,1.47,8,16,20,12,56,Good
MARUTI,Mar 2016,9.55,15.67,17.95,0.01,127.9,1.35,8,16,20,12,56,Good
MARUTI,Mar 2017,11.03,15.31,20.26,0.01,144.04,1.31,12,20,20,12,64,Good
MARUTI,Mar 2018,9.87,15.18,18.52,0.0,41.25,1.32,8,16,20,12,56,Good
MARUTI,Mar 2019,8.89,12.85,16.25,0.0,180.53,1.35,8,16,20,12,56,Good
MARUTI,Mar 2020,7.5,9.72,11.49,0.0,80.34,1.19,8,12,20,12,52,Average
MARUTI,Mar 2021,6.24,7.69,8.36,0.01,82.91,0.99,8,8,20,8,44,Average
MARUTI,Mar 2022,4.39,6.51,7.01,0.01,59.94,1.18,4,8,20,12,44,Average
MARUTI,Mar 2023,6.98,11.08,11.08,0.02,61.65,1.18,8,12,20,12,52,Average
MARUTI,Mar 2024,9.51,13.13,15.75,0.0,117.91,1.23,8,16,20,12,56,Good
MOTHERSON,Mar 2013,1.79,5.85,19.75,2.14,7.19,1.99,4,16,8,16,44,Average
MOTHERSON,Mar 2014,3.61,7.88,37.07,1.64,9.21,2.0,4,20,12,20,56,Good
MOTHERSON,Mar 2015,3.73,8.21,38.87,1.54,9.61,1.99,4,20,12,16,52,Average
MOTHERSON,Mar 2016,4.77,9.53,40.35,1.38,10.8,1.89,4,20,12,16,52,Average
MOTHERSON,Mar 2017,5.13,9.84,26.26,1.25,12.05,1.33,8,20,12,12,52,Average
MOTHERSON,Mar 2018,4.01,9.11,22.87,1.05,12.78,1.52,4,20,12,16,52,Average
MOTHERSON,Mar 2019,3.3,8.42,19.14,1.05,13.43,1.49,4,16,12,12,44,Average
MOTHERSON,Mar 2020,2.13,7.66,11.49,1.17,8.93,1.35,4,12,12,12,40,Average
MOTHERSON,Mar 2021,2.73,7.62,12.49,0.95,9.64,1.2,4,12,16,12,44,Average
MOTHERSON,Mar 2022,1.85,7.39,5.74,0.69,9.74,1.14,4,8,16,12,40,Average
MOTHERSON,Mar 2023,2.12,7.93,7.44,0.61,8.09,1.28,4,8,16,12,40,Average
MOTHERSON,Mar 2024,3.06,9.45,11.55,0.76,5.22,1.17,4,12,16,12,44,Average
NAUKRI,Mar 2013,16.1,25.64,12.5,0.0,48.33,0.57,16,12,20,8,56,Good
NAUKRI,Mar 2014,10.58,17.11,8.93,0.0,48.33,0.53,12,8,20,8,48,Average
NAUKRI,Mar 2015,-1.91,2.87,-0.99,0.0,27.5,0.33,4,4,20,4,32,Weak
NAUKRI,Mar 2016,15.78,12.17,7.65,0.0,67.33,0.39,16,8,20,4,48,Average
NAUKRI,Mar 2017,-4.84,-1.01,-2.7,0.0,10.25,0.43,4,4,20,4,32,Weak
NAUKRI,Mar 2018,50.71,22.17,24.5,0.0,124.0,0.38,20,20,20,4,64,Good
NAUKRI,Mar 2019,51.43,0.78,23.28,0.0,106.57,0.36,20,20,20,4,64,Good
NAUKRI,Mar 2020,-18.75,-26.68,-11.21,0.04,-4.57,0.45,4,4,20,4,32,Weak
NAUKRI,Mar 2021,125.71,6.56,26.28,0.01,150.73,0.18,20,20,20,4,64,Good
NAUKRI,Mar 2022,810.7,28.07,74.71,0.0,1296.0,0.08,20,20,20,4,64,Good
NAUKRI,Mar 2023,-2.98,14.83,-0.52,0.01,12.89,0.14,4,4,20,4,32,Weak
NAUKRI,Mar 2024,23.46,28.04,1.97,0.01,28.97,0.07,20,4,20,4,48,Average
NESTLEIND,Dec 2013,12.27,21.4,47.17,0.5,55.27,1.44,12,20,20,12,64,Good
NESTLEIND,Dec 2014,12.02,20.69,41.77,0.01,151.86,1.69,12,20,20,16,68,Good
NESTLEIND,Dec 2015,6.89,19.02,19.99,0.01,388.0,1.34,8,16,20,12,56,Good
NESTLEIND,Dec 2016,10.95,20.24,30.5,0.01,21.87,1.34,12,20,20,12,64,Good
NESTLEIND,Dec 2017,12.24,20.95,35.82,0.01,24.72,1.36,12,20,20,12,64,Good
NESTLEIND,Dec 2018,14.23,23.18,43.75,0.01,25.69,1.4,12,20,20,12,64,Good
NESTLEIND,Dec 2019,15.91,23.66,102.61,0.1,24.6,1.72,16,20,20,16,72,Excellent
NESTLEIND,Dec 2020,15.6,23.99,103.12,0.07,20.41,1.69,16,20,20,16,72,Excellent
NESTLEIND,Dec 2021,14.37,24.16,108.84,0.14,17.08,1.79,12,20,20,16,68,Good
NESTLEIND,Dec 2022,14.15,21.93,97.23,0.11,24.6,1.88,12,20,20,16,68,Good
NESTLEIND,Dec 2023,15.68,23.38,121.96,0.11,38.55,2.13,16,20,20,20,76,Excellent
NESTLEIND,Mar 2024,16.12,23.83,117.75,0.1,41.19,2.32,16,20,20,20,76,Excellent
NHPC,Mar 2013,45.02,65.07,9.64,0.68,9.41,0.1,20,8,16,4,48,Average
NHPC,Mar 2014,22.1,58.76,5.78,0.74,4.35,0.12,20,8,16,4,48,Average
NHPC,Mar 2015,34.03,62.45,9.1,0.67,5.19,0.13,20,8,16,4,48,Average
NHPC,Mar 2016,28.31,57.25,7.47,0.63,5.14,0.13,20,8,16,4,48,Average
NHPC,Mar 2017,40.36,56.64,11.99,0.66,6.29,0.14,20,12,16,4,52,Average
NHPC,Mar 2018,35.91,54.78,9.27,0.62,5.88,0.12,20,8,16,4,48,Average
NHPC,Mar 2019,31.57,55.45,9.21,0.62,7.49,0.13,20,8,16,4,48,Average
NHPC,Mar 2020,33.42,54.42,10.66,0.74,6.56,0.14,20,12,16,4,52,Average
NHPC,Mar 2021,37.31,54.7,10.89,0.71,11.03,0.13,20,12,16,4,52,Average
NHPC,Mar 2022,41.27,43.89,10.81,0.75,8.52,0.12,20,12,16,4,52,Average
NHPC,Mar 2023,40.17,58.3,11.53,0.8,14.58,0.12,20,12,16,4,52,Average
NHPC,Mar 2024,41.82,49.91,10.41,0.84,11.24,0.1,20,12,16,4,52,Average
NTPC,Mar 2013,17.6,25.38,15.49,0.87,9.2,0.4,16,16,16,4,52,Average
NTPC,Mar 2014,14.56,25.18,13.06,0.93,6.9,0.39,12,12,16,4,44,Average
NTPC,Mar 2015,12.5,21.7,12.17,1.25,5.37,0.36,12,12,12,4,40,Average
NTPC,Mar 2016,14.69,25.3,11.77,1.09,5.87,0.33,12,12,12,4,40,Average
NTPC,Mar 2017,13.06,26.33,10.95,1.16,6.18,0.33,12,12,12,4,40,Average
NTPC,Mar 2018,11.92,25.53,10.14,1.26,6.31,0.31,12,12,12,4,40,Average
NTPC,Mar 2019,13.99,22.65,12.6,1.55,4.55,0.29,12,12,12,4,40,Average
NTPC,Mar 2020,10.87,28.86,10.02,1.71,4.86,0.29,12,12,12,4,40,Average
NTPC,Mar 2021,13.42,30.52,11.9,1.67,4.24,0.28,12,12,12,4,40,Average
NTPC,Mar 2022,12.78,30.42,12.53,1.56,4.82,0.32,12,12,12,4,40,Average
NTPC,Mar 2023,9.72,27.01,11.65,1.52,4.38,0.39,8,12,12,4,36,Weak
NTPC,Mar 2024,11.95,28.83,13.27,1.48,4.6,0.37,12,12,12,4,40,Average
ONGC,Mar 2013,14.81,26.86,15.73,0.14,101.22,0.64,12,16,20,8,56,Good
ONGC,Mar 2014,15.31,28.22,15.49,0.29,90.22,0.54,16,16,20,8,60,Good
ONGC,Mar 2015,11.0,26.29,9.81,0.3,16.85,0.48,12,8,20,4,44,Average
ONGC,Mar 2016,10.56,31.55,6.62,0.23,10.67,0.36,12,8,20,4,44,Average
ONGC,Mar 2017,10.33,18.69,15.01,0.41,18.25,0.64,12,16,20,8,56,Good
ONGC,Mar 2018,8.08,17.63,12.78,0.52,13.47,0.7,8,12,16,8,44,Average
ONGC,Mar 2019,8.05,17.75,15.64,0.5,14.46,0.86,8,16,20,8,52,Average
ONGC,Mar 2020,2.89,13.13,5.59,0.63,7.09,0.78,4,8,16,8,36,Weak
ONGC,Mar 2021,7.03,16.28,9.67,0.6,11.96,0.56,8,8,16,8,40,Average
ONGC,Mar 2022,10.03,16.26,19.0,0.47,15.22,0.84,12,16,20,8,56,Good
ONGC,Mar 2023,5.18,11.94,11.68,0.51,9.57,1.03,8,12,16,12,48,Average
ONGC,Mar 2024,9.66,17.39,16.94,0.45,11.36,0.83,8,16,20,8,52,Average
PFC,Mar 2013,25.63,34.58,18.74,5.89,0.55,0.1,20,16,4,4,44,Average
PFC,Mar 2014,25.52,35.54,19.85,5.79,0.58,0.11,20,16,4,4,44,Average
PFC,Mar 2015,24.03,33.73,18.52,5.79,0.55,0.11,20,16,4,4,44,Average
PFC,Mar 2016,22.2,32.88,17.16,5.57,0.55,0.11,20,16,4,4,44,Average
PFC,Mar 2017,8.11,19.13,6.07,5.51,0.32,0.11,8,8,4,4,24,Weak
PFC,Mar 2018,18.09,24.17,22.08,11.07,0.39,0.09,16,20,4,4,44,Average
PFC,Mar 2019,23.36,32.87,26.82,11.45,0.52,0.09,20,20,4,4,48,Average
PFC,Mar 2020,15.24,22.53,19.18,12.08,0.35,0.09,16,16,4,4,40,Average
PFC,Mar 2021,21.93,27.73,25.86,10.86,0.45,0.09,20,20,4,4,48,Average
PFC,Mar 2022,24.61,30.6,26.18,9.21,0.52,0.1,20,20,4,4,48,Average
PFC,Mar 2023,27.26,34.11,25.17,8.93,0.56,0.09,20,20,4,4,48,Average
PFC,Mar 2024,28.92,36.69,26.16,8.52,0.58,0.09,20,20,4,4,48,Average
PIDILITIND,Mar 2013,11.53,15.17,25.68,0.07,41.56,1.41,12,20,20,12,64,Good
PIDILITIND,Mar 2014,10.51,15.69,23.05,0.02,44.38,1.46,12,20,20,12,64,Good
PIDILITIND,Mar 2015,10.61,15.92,22.64,0.03,50.69,1.46,12,20,20,12,64,Good
PIDILITIND,Mar 2016,15.05,21.88,30.59,0.03,96.46,1.44,16,20,20,12,68,Good
PIDILITIND,Mar 2017,15.36,22.47,24.86,0.03,98.36,1.18,16,20,20,12,68,Good
PIDILITIND,Mar 2018,15.89,22.06,27.03,0.03,93.38,1.17,16,20,20,12,68,Good
PIDILITIND,Mar 2019,13.11,19.37,22.37,0.03,57.73,1.2,12,20,20,12,64,Good
PIDILITIND,Mar 2020,15.38,21.61,25.18,0.06,49.21,1.12,16,20,20,12,68,Good
PIDILITIND,Mar 2021,15.44,23.12,20.13,0.06,47.57,0.83,16,20,20,8,64,Good
PIDILITIND,Mar 2022,12.17,18.71,18.85,0.06,45.12,1.04,12,16,20,12,60,Good
PIDILITIND,Mar 2023,10.92,16.83,17.87,0.05,42.52,1.12,12,16,20,12,60,Good
PIDILITIND,Mar 2024,14.11,21.87,20.78,0.05,54.33,1.03,12,20,20,12,64,Good
PNB,Mar 2013,11.66,,812.3,10.83,,5.63,12,20,4,20,56,Good
PNB,Mar 2014,8.17,,393.36,10.82,,3.9,8,20,4,20,52,Average
PNB,Mar 2015,7.24,,223.24,10.44,,2.56,8,20,4,20,52,Average
PNB,Mar 2016,-6.91,,-163.56,12.12,,1.71,4,4,4,16,28,Weak
PNB,Mar 2017,2.58,,22.21,6.36,,1.12,4,20,4,12,40,Average
PNB,Mar 2018,-24.86,,-184.37,8.19,,0.77,4,4,4,8,20,Weak
PNB,Mar 2019,-18.31,,-128.45,9.66,,0.62,4,4,4,8,20,Weak
PNB,Mar 2020,0.88,,6.1,8.52,,0.7,4,8,4,8,24,Weak
PNB,Mar 2021,3.29,,30.39,6.7,,1.15,4,20,4,12,40,Average
PNB,Mar 2022,5.13,,39.87,5.4,,1.16,8,20,4,12,44,Average
PNB,Mar 2023,3.87,,30.67,4.9,,1.3,4,20,4,12,40,Average
PNB,Mar 2024,8.4,,61.32,3.68,,1.51,8,20,4,16,48,Average
POWERGRID,Mar 2013,32.97,82.85,16.34,2.62,4.54,0.12,20,16,8,4,48,Average
POWERGRID,Mar 2014,29.24,83.36,13.11,2.43,4.21,0.11,20,12,8,4,44,Average
POWERGRID,Mar 2015,28.77,85.1,13.13,2.5,3.84,0.11,20,12,8,4,44,Average
POWERGRID,Mar 2016,28.85,88.05,13.55,2.47,3.7,0.12,20,12,8,4,44,Average
POWERGRID,Mar 2017,29.0,87.36,14.94,2.39,3.77,0.13,20,12,8,4,44,Average
POWERGRID,Mar 2018,27.39,86.67,15.07,2.42,4.1,0.13,20,16,8,4,48,Average
POWERGRID,Mar 2019,28.62,76.78,16.98,2.48,3.25,0.14,20,16,8,4,48,Average
POWERGRID,Mar 2020,29.3,87.13,17.09,2.29,3.75,0.15,20,16,8,4,48,Average
POWERGRID,Mar 2021,30.36,88.06,17.21,2.05,4.39,0.16,20,16,8,4,48,Average
POWERGRID,Mar 2022,40.42,86.07,22.07,1.77,5.04,0.17,20,20,12,4,56,Good
POWERGRID,Mar 2023,33.81,86.78,18.57,1.55,4.22,0.18,20,16,12,4,52,Average
POWERGRID,Mar 2024,33.97,86.87,17.87,1.42,4.6,0.18,20,16,12,4,52,Average
RECLTD,Mar 2013,28.11,97.33,21.87,6.15,1.64,0.1,20,20,4,4,48,Average
RECLTD,Mar 2014,27.53,96.67,22.79,6.07,1.66,0.11,20,20,4,4,48,Average
RECLTD,Mar 2015,26.01,94.41,21.31,6.02,1.64,0.11,20,20,4,4,48,Average
RECLTD,Mar 2016,23.59,93.04,19.7,5.86,1.57,0.12,20,16,4,4,44,Average
RECLTD,Mar 2017,25.94,92.24,18.75,4.99,1.67,0.12,20,16,4,4,44,Average
RECLTD,Mar 2018,19.64,85.09,13.66,6.27,1.45,0.09,16,12,4,4,36,Weak
RECLTD,Mar 2019,22.6,93.3,16.62,7.07,1.52,0.09,20,16,4,4,44,Average
RECLTD,Mar 2020,16.61,86.7,14.05,8.09,1.37,0.09,16,12,4,4,36,Weak
RECLTD,Mar 2021,23.56,90.74,19.14,7.53,1.5,0.09,20,16,4,4,44,Average
RECLTD,Mar 2022,25.55,87.68,19.56,6.49,1.56,0.1,20,16,4,4,44,Average
RECLTD,Mar 2023,28.28,95.29,19.21,6.55,1.59,0.08,20,16,4,4,44,Average
RECLTD,Mar 2024,29.77,100.77,20.4,6.42,1.6,0.09,20,20,4,4,48,Average
RELIANCE,Mar 2013,5.27,8.37,11.47,0.59,11.81,1.09,8,12,16,12,48,Average
RELIANCE,Mar 2014,5.2,8.06,11.35,0.7,11.42,1.01,8,12,16,12,48,Average
RELIANCE,Mar 2015,6.31,10.0,10.82,0.77,13.87,0.74,8,12,16,8,44,Average
RELIANCE,Mar 2016,10.95,15.33,12.9,0.84,14.63,0.46,12,12,16,4,44,Average
RELIANCE,Mar 2017,9.81,15.23,11.31,0.82,14.43,0.43,8,12,16,4,40,Average
RELIANCE,Mar 2018,9.23,16.46,12.29,0.82,9.21,0.48,8,12,16,4,40,Average
RELIANCE,Mar 2019,7.01,14.82,10.29,0.79,5.62,0.57,8,12,16,8,44,Average
RELIANCE,Mar 2020,6.68,14.96,8.88,0.79,4.44,0.51,8,8,16,8,40,Average
RELIANCE,Mar 2021,11.52,17.33,7.68,0.4,4.87,0.35,12,8,20,4,44,Average
RELIANCE,Mar 2022,9.77,15.63,8.7,0.41,8.79,0.46,8,8,20,4,40,Average
RELIANCE,Mar 2023,8.45,16.24,10.35,0.63,7.89,0.55,8,12,16,8,44,Average
RELIANCE,Mar 2024,8.79,18.07,9.96,0.58,7.73,0.51,8,8,16,8,40,Average
SBILIFE,Mar 2013,4.24,2.87,23.03,0.0,179.75,0.28,4,20,20,4,48,Average
SBILIFE,Mar 2014,4.22,2.96,21.69,0.0,171.0,0.28,4,20,20,4,48,Average
SBILIFE,Mar 2015,3.48,3.39,20.09,0.0,244.25,0.32,4,20,20,4,48,Average
SBILIFE,Mar 2016,4.37,4.76,17.83,0.0,209.8,0.23,4,16,20,4,44,Average
SBILIFE,Mar 2017,3.13,3.5,17.2,0.0,241.4,0.3,4,16,20,4,44,Average
SBILIFE,Mar 2018,3.38,3.91,17.62,0.0,248.0,0.28,4,16,20,4,44,Average
SBILIFE,Mar 2019,2.98,3.3,17.52,0.0,217.5,0.3,4,16,20,4,44,Average
SBILIFE,Mar 2020,3.25,3.08,16.26,0.0,,0.26,4,16,20,4,44,Average
SBILIFE,Mar 2021,1.78,1.06,14.0,0.0,,0.36,4,12,20,4,40,Average
SBILIFE,Mar 2022,1.81,0.88,12.96,0.0,,0.3,4,12,20,4,40,Average
SBILIFE,Mar 2023,2.13,0.15,13.22,0.0,198.4,0.26,4,12,20,4,40,Average
SBILIFE,Mar 2024,1.43,0.19,12.7,0.0,240.33,0.33,4,12,20,4,40,Average
SHREECEM,Jun 2013,18.53,28.81,26.12,0.34,9.06,0.88,16,20,20,8,64,Good
SHREECEM,Jun 2014,13.77,24.32,16.71,0.25,11.58,0.78,12,16,20,8,56,Good
SHREECEM,Jun 2015,6.81,21.47,8.07,0.17,11.95,0.78,8,8,20,8,44,Average
SHREECEM,Mar 2017,15.58,29.24,17.39,0.17,22.29,0.77,16,16,20,8,60,Good
SHREECEM,Mar 2018,14.08,25.15,15.56,0.38,21.2,0.65,12,16,20,8,56,Good
SHREECEM,Mar 2019,8.08,22.28,10.5,0.29,11.56,0.81,8,12,20,8,48,Average
SHREECEM,Mar 2020,12.0,29.31,11.72,0.24,13.86,0.65,12,12,20,8,52,Average
SHREECEM,Mar 2021,17.23,30.17,15.18,0.14,18.0,0.63,16,16,20,8,60,Good
SHREECEM,Mar 2022,8.45,24.72,7.27,0.12,16.17,0.63,8,8,20,8,44,Average
SHREECEM,Mar 2023,13.27,16.58,12.71,0.15,13.0,0.68,12,12,20,8,52,Average
SHREECEM,Mar 2024,8.45,22.02,8.37,0.08,19.83,0.73,8,8,20,8,44,Average
SHRIRAMFIN,Mar 2013,20.87,31.09,19.94,4.55,0.71,0.15,20,16,4,4,44,Average
SHRIRAMFIN,Mar 2014,16.02,23.58,15.96,4.54,0.47,0.16,16,16,4,4,40,Average
SHRIRAMFIN,Mar 2015,11.2,18.43,11.09,5.04,0.36,0.15,12,12,4,4,32,Weak
SHRIRAMFIN,Mar 2016,11.43,17.61,11.64,4.89,0.36,0.15,12,12,4,4,32,Weak
SHRIRAMFIN,Mar 2017,11.61,18.09,11.17,4.68,0.38,0.15,12,12,4,4,32,Weak
SHRIRAMFIN,Mar 2018,18.88,28.18,18.62,6.0,0.61,0.14,16,16,4,4,40,Average
SHRIRAMFIN,Mar 2019,16.58,24.47,16.14,5.51,0.51,0.15,16,16,4,4,40,Average
SHRIRAMFIN,Mar 2020,15.17,21.53,13.85,5.22,0.43,0.14,16,12,4,4,36,Weak
SHRIRAMFIN,Mar 2021,14.34,19.53,11.51,4.91,0.38,0.13,12,12,4,4,32,Weak
SHRIRAMFIN,Mar 2022,14.13,19.04,10.43,4.4,0.38,0.14,12,12,4,4,32,Weak
SHRIRAMFIN,Mar 2023,19.74,28.86,13.84,3.77,0.68,0.14,16,12,4,4,36,Weak
SHRIRAMFIN,Mar 2024,20.33,28.92,15.12,3.99,0.68,0.15,20,16,4,4,44,Average
SIEMENS,Sep 2011,7.26,9.8,22.75,0.0,56.54,1.18,8,20,20,12,60,Good
SIEMENS,Sep 2014,5.65,1.11,13.78,0.0,35.61,1.04,8,12,20,12,52,Average
SIEMENS,Sep 2015,11.11,9.45,22.94,0.0,64.7,1.0,12,20,20,12,64,Good
SIEMENS,Sep 2016,26.89,9.42,42.83,0.0,379.73,0.9,20,20,20,8,68,Good
SIEMENS,Sep 2017,10.28,9.54,14.79,0.0,234.25,0.84,12,12,20,8,52,Average
SIEMENS,Sep 2018,7.04,10.37,10.86,0.0,200.88,0.89,8,12,20,8,48,Average
SIEMENS,Sep 2019,8.4,11.39,12.14,0.0,157.33,0.85,8,12,20,8,48,Average
SIEMENS,Sep 2020,7.73,10.08,8.1,0.0,43.93,0.63,8,8,20,8,44,Average
SIEMENS,Sep 2021,8.25,11.0,10.52,0.0,73.88,0.73,8,12,20,8,48,Average
SIEMENS,Sep 2022,9.56,11.53,13.29,0.02,65.19,0.8,8,12,20,8,48,Average
SIEMENS,Sep 2023,10.03,12.72,14.99,0.01,129.7,0.9,12,12,20,8,52,Average
SIEMENS,Sep 2024,12.22,13.96,17.7,0.02,67.15,0.88,12,16,20,8,56,Good
SUNPHARMA,Mar 2013,31.17,42.98,23.14,0.02,109.16,0.55,20,20,20,8,68,Good
SUNPHARMA,Mar 2014,24.12,43.55,20.94,0.14,114.43,0.55,20,20,20,8,68,Good
SUNPHARMA,Mar 2015,19.99,28.82,21.36,0.35,14.12,0.56,16,20,20,8,64,Good
SUNPHARMA,Mar 2016,19.86,28.69,17.15,0.26,15.55,0.51,16,16,20,8,60,Good
SUNPHARMA,Mar 2017,24.85,31.99,21.41,0.27,26.78,0.52,20,20,20,8,68,Good
SUNPHARMA,Mar 2018,9.6,21.26,6.63,0.27,10.61,0.41,8,8,20,4,40,Average
SUNPHARMA,Mar 2019,11.04,21.94,7.75,0.25,11.03,0.45,12,8,20,4,44,Average
SUNPHARMA,Mar 2020,12.7,21.26,9.22,0.18,24.31,0.48,12,8,20,4,44,Average
SUNPHARMA,Mar 2021,6.78,25.29,4.89,0.08,35.61,0.5,8,4,20,8,40,Average
SUNPHARMA,Mar 2022,8.77,26.54,7.06,0.03,53.17,0.55,8,8,20,8,44,Average
SUNPHARMA,Mar 2023,19.4,26.55,15.2,0.12,70.4,0.54,16,16,20,8,60,Good
SUNPHARMA,Mar 2024,19.82,26.84,15.09,0.05,58.33,0.57,16,16,20,8,60,Good
TATACONSUM,Mar 2013,6.05,10.47,9.25,0.29,9.83,0.84,8,8,20,8,44,Average
TATACONSUM,Mar 2014,6.59,9.72,8.72,0.25,10.6,0.78,8,8,20,8,44,Average
TATACONSUM,Mar 2015,3.42,9.91,4.97,0.24,8.72,0.85,4,4,20,8,36,Weak
TATACONSUM,Mar 2016,-0.56,5.51,-0.59,0.22,3.45,0.67,4,4,20,8,36,Weak
TATACONSUM,Mar 2017,6.71,11.67,7.26,0.13,20.44,0.71,8,8,20,8,44,Average
TATACONSUM,Mar 2018,8.16,12.31,7.91,0.15,17.54,0.65,8,8,20,8,44,Average
TATACONSUM,Mar 2019,6.3,10.84,6.23,0.16,11.67,0.67,8,8,20,8,44,Average
TATACONSUM,Mar 2020,4.77,13.41,3.33,0.11,16.36,0.52,4,4,20,8,36,Weak
TATACONSUM,Mar 2021,8.02,13.31,6.4,0.11,22.4,0.57,8,8,20,8,44,Average
TATACONSUM,Mar 2022,8.17,13.84,6.7,0.09,20.77,0.59,8,8,20,8,44,Average
TATACONSUM,Mar 2023,9.58,13.47,8.11,0.1,16.8,0.61,8,8,20,8,44,Average
TATACONSUM,Mar 2024,7.99,15.02,7.57,0.22,25.32,0.55,8,8,20,8,44,Average
TATAMOTORS,Mar 2013,5.28,13.03,26.51,1.43,6.97,1.12,8,20,12,12,52,Average
TATAMOTORS,Mar 2014,6.03,14.97,21.42,0.92,7.31,1.07,8,20,16,12,56,Good
TATAMOTORS,Mar 2015,5.35,14.91,25.01,1.31,8.22,1.11,8,20,12,12,52,Average
TATAMOTORS,Mar 2016,4.28,14.06,14.79,0.88,7.31,1.04,4,12,16,12,44,Average
TATAMOTORS,Mar 2017,2.8,10.97,13.02,1.35,7.42,0.99,4,12,12,8,36,Weak
TATAMOTORS,Mar 2018,3.12,10.79,9.53,0.93,7.99,0.89,4,8,16,8,36,Weak
TATAMOTORS,Mar 2019,-9.51,8.17,-47.73,1.76,-0.35,0.99,4,4,12,8,28,Weak
TATAMOTORS,Mar 2020,-4.59,6.89,-18.98,1.98,2.5,0.82,4,4,12,8,28,Weak
TATAMOTORS,Mar 2021,-5.36,12.93,-24.25,2.57,2.61,0.73,4,4,8,8,24,Weak
TATAMOTORS,Mar 2022,-4.06,8.88,-25.38,3.29,2.91,0.85,4,4,4,8,20,Weak
TATAMOTORS,Mar 2023,0.78,9.2,5.94,2.96,3.76,1.03,4,8,8,12,32,Weak
TATAMOTORS,Mar 2024,7.26,13.6,37.46,1.26,6.53,1.19,8,20,12,12,52,Average
TATAPOWER,Mar 2013,0.37,16.86,1.0,3.07,2.26,0.49,4,4,4,4,16,Weak
TATAPOWER,Mar 2014,0.03,19.36,0.1,3.24,2.08,0.5,4,4,4,8,20,Weak
TATAPOWER,Mar 2015,1.36,18.76,3.19,2.84,1.99,0.45,4,4,8,4,20,Weak
TATAPOWER,Mar 2016,2.66,7.14,6.76,3.34,1.91,0.42,4,8,4,4,20,Weak
TATAPOWER,Mar 2017,3.99,19.84,8.32,3.69,2.01,0.33,4,8,4,4,20,Weak
TATAPOWER,Mar 2018,9.73,8.55,15.92,2.96,2.36,0.33,8,16,8,4,36,Weak
TATAPOWER,Mar 2019,8.72,10.27,14.24,2.65,2.46,0.36,8,12,8,4,32,Weak
TATAPOWER,Mar 2020,4.52,23.36,6.73,2.65,2.02,0.32,4,8,8,4,24,Weak
TATAPOWER,Mar 2021,4.4,21.16,6.45,2.09,2.17,0.33,4,8,8,4,24,Weak
TATAPOWER,Mar 2022,5.04,16.42,9.61,2.28,2.47,0.38,8,8,8,4,28,Weak
TATAPOWER,Mar 2023,6.91,14.02,13.23,1.84,3.03,0.43,8,12,12,4,36,Weak
TATAPOWER,Mar 2024,6.97,17.47,13.23,1.66,3.05,0.44,8,12,12,4,36,Weak
TATASTEEL,Mar 2013,-5.4,2.94,-21.28,2.01,1.36,0.92,4,4,8,8,24,Weak
TATASTEEL,Mar 2014,2.47,10.89,9.04,2.01,3.9,0.87,4,8,8,8,28,Weak
TATASTEEL,Mar 2015,-2.82,2.44,-12.56,2.57,1.94,0.88,4,4,8,8,24,Weak
TATASTEEL,Mar 2016,-0.49,-0.61,-1.14,1.87,2.3,0.58,4,4,12,8,28,Weak
TATASTEEL,Mar 2017,-3.71,11.7,-11.02,2.2,1.84,0.65,4,4,8,8,24,Weak
TATASTEEL,Mar 2018,14.4,17.39,29.15,1.51,5.93,0.59,12,20,12,8,52,Average
TATASTEEL,Mar 2019,5.79,18.59,13.23,1.46,4.03,0.68,8,12,12,8,40,Average
TATASTEEL,Mar 2020,0.84,12.49,1.6,1.58,1.94,0.56,4,4,12,8,28,Weak
TATASTEEL,Mar 2021,5.24,19.52,11.03,1.19,4.03,0.64,8,12,12,8,40,Average
TATASTEEL,Mar 2022,17.11,26.02,36.48,0.66,11.86,0.86,16,20,16,8,60,Good
TATASTEEL,Mar 2023,3.32,13.27,7.83,0.82,5.38,0.85,4,8,16,8,36,Weak
TATASTEEL,Mar 2024,-2.14,9.71,-5.33,0.95,2.16,0.85,4,4,16,8,32,Weak
TCS,Mar 2013,22.35,28.64,36.52,0.01,400.38,1.21,20,20,20,12,72,Excellent
TCS,Mar 2014,23.63,30.75,39.3,0.01,686.92,1.22,20,20,20,12,72,Excellent
TCS,Mar 2015,21.19,25.87,39.62,0.01,271.17,1.29,20,20,20,12,72,Excellent
TCS,Mar 2016,22.4,28.24,34.24,0.0,1023.06,1.23,20,20,20,12,72,Excellent
TCS,Mar 2017,22.34,27.39,30.57,0.0,1141.62,1.15,20,20,20,12,72,Excellent
TCS,Mar 2018,21.02,26.41,30.4,0.0,695.35,1.17,20,20,20,12,72,Excellent
TCS,Mar 2019,21.55,26.97,35.29,0.0,221.3,1.29,20,20,20,12,72,Excellent
TCS,Mar 2020,20.67,26.83,38.57,0.1,50.54,1.31,20,20,20,12,72,Excellent
TCS,Mar 2021,19.83,28.35,37.67,0.09,76.08,1.26,16,20,20,12,68,Good
TCS,Mar 2022,20.05,27.67,43.13,0.09,72.8,1.36,20,20,20,12,72,Excellent
TCS,Mar 2023,18.76,26.28,46.78,0.09,80.5,1.58,16,20,20,16,72,Excellent
TCS,Mar 2024,19.14,26.69,50.94,0.09,87.1,1.66,16,20,20,16,72,Excellent
TECHM,Mar 2013,19.02,20.69,24.09,0.25,12.44,0.77,16,20,20,8,64,Good
TECHM,Mar 2014,16.29,22.19,33.35,0.04,55.2,1.18,16,20,20,12,68,Good
TECHM,Mar 2015,11.75,18.54,21.71,0.06,62.3,1.14,12,20,20,12,64,Good
TECHM,Mar 2016,11.43,16.08,20.75,0.07,48.59,1.18,12,20,20,12,64,Good
TECHM,Mar 2017,9.78,14.36,17.35,0.08,38.44,1.12,8,16,20,12,56,Good
TECHM,Mar 2018,12.3,15.31,20.09,0.13,37.82,1.01,12,20,20,12,64,Good
TECHM,Mar 2019,12.35,18.05,21.14,0.1,51.17,1.04,12,20,20,12,64,Good
TECHM,Mar 2020,10.57,14.93,17.87,0.17,34.87,0.99,12,16,20,8,56,Good
TECHM,Mar 2021,11.5,17.95,17.51,0.12,43.59,0.96,12,16,20,8,56,Good
TECHM,Mar 2022,12.61,17.96,20.94,0.1,56.04,1.01,12,20,20,12,64,Good
TECHM,Mar 2023,9.11,14.57,17.39,0.1,26.77,1.16,8,16,20,12,56,Good
TECHM,Mar 2024,4.61,8.67,8.99,0.1,13.86,1.21,4,8,20,12,44,Average
TITAN,Mar 2013,7.16,10.02,36.8,0.0,21.82,1.72,8,20,20,16,64,Good
TITAN,Mar 2014,6.73,9.58,29.13,0.32,13.38,1.79,8,20,20,16,64,Good
TITAN,Mar 2015,6.85,9.68,26.46,0.03,15.06,2.03,8,20,20,20,68,Good
TITAN,Mar 2016,5.99,8.33,19.25,0.03,24.0,1.78,8,16,20,16,60,Good
TITAN,Mar 2017,5.26,8.78,16.47,0.44,29.53,1.58,8,16,20,16,60,Good
TITAN,Mar 2018,6.84,10.2,21.65,0.33,32.34,1.69,8,20,20,16,64,Good
TITAN,Mar 2019,7.02,10.08,22.88,0.39,40.98,1.69,8,20,20,16,64,Good
TITAN,Mar 2020,7.09,11.7,22.39,0.53,15.76,1.55,8,20,16,16,60,Good
TITAN,Mar 2021,4.5,7.97,12.99,0.75,9.38,1.32,4,12,16,12,44,Average
TITAN,Mar 2022,7.63,11.61,23.63,0.78,16.15,1.36,8,20,16,12,56,Good
TITAN,Mar 2023,8.07,12.03,27.63,0.79,17.29,1.5,8,20,16,16,60,Good
TITAN,Mar 2024,6.84,10.36,37.22,1.65,9.41,1.62,8,20,12,16,56,Good
TORNTPHARM,Mar 2013,13.58,21.76,30.59,0.49,20.53,0.85,12,20,20,8,60,Good
TORNTPHARM,Mar 2014,15.92,22.89,34.89,0.59,16.76,0.83,16,20,16,8,60,Good
TORNTPHARM,Mar 2015,16.2,22.0,30.15,1.1,7.46,0.59,16,20,12,8,56,Good
TORNTPHARM,Mar 2016,25.92,40.87,49.6,0.67,15.03,0.75,20,20,16,8,64,Good
TORNTPHARM,Mar 2017,16.06,23.68,21.47,0.58,7.77,0.61,16,20,16,8,60,Good
TORNTPHARM,Mar 2018,11.39,22.67,14.67,1.4,5.35,0.42,12,12,12,4,40,Average
TORNTPHARM,Mar 2019,5.68,25.84,9.23,1.28,3.34,0.54,8,8,12,8,36,Weak
TORNTPHARM,Mar 2020,12.91,27.33,21.25,1.2,5.08,0.57,12,20,12,8,52,Average
TORNTPHARM,Mar 2021,15.64,30.98,21.45,0.83,7.19,0.57,16,20,16,8,60,Good
TORNTPHARM,Mar 2022,9.13,28.57,13.05,0.68,8.4,0.66,8,12,16,8,44,Average
TORNTPHARM,Mar 2023,12.94,29.54,20.09,0.87,8.67,0.66,12,20,16,8,56,Good
TORNTPHARM,Mar 2024,15.44,31.39,24.15,0.59,9.93,0.74,16,20,16,8,60,Good
TRENT,Mar 2013,-1.27,0.23,-2.19,0.28,2.17,0.97,4,4,20,8,36,Weak
TRENT,Mar 2014,-0.81,-0.43,-1.92,0.34,3.12,1.21,4,4,20,12,40,Average
TRENT,Mar 2015,5.65,3.85,9.07,0.19,13.45,1.03,8,8,20,12,48,Average
TRENT,Mar 2016,3.26,5.34,3.76,0.27,3.67,0.78,4,4,20,8,36,Weak
TRENT,Mar 2017,4.69,7.4,5.49,0.25,4.67,0.82,4,8,20,8,40,Average
TRENT,Mar 2018,4.03,9.64,5.45,0.25,5.34,0.92,4,8,20,8,40,Average
TRENT,Mar 2019,3.61,9.16,5.77,0.3,5.31,1.03,4,8,20,12,44,Average
TRENT,Mar 2020,3.04,15.17,4.44,0.13,2.57,0.63,4,4,20,8,36,Weak
TRENT,Mar 2021,-6.98,4.4,-7.83,0.13,1.2,0.45,4,4,20,4,32,Weak
TRENT,Mar 2022,0.78,13.23,1.48,2.0,2.3,0.58,4,4,12,8,28,Weak
TRENT,Mar 2023,4.78,13.52,15.18,1.72,3.56,1.02,4,16,12,12,44,Average
TRENT,Mar 2024,11.94,15.93,36.31,0.43,8.04,1.73,12,20,20,16,68,Good
TVSMOTOR,Mar 2013,2.64,5.83,22.02,1.19,5.51,2.22,4,20,12,20,56,Good
TVSMOTOR,Mar 2014,2.23,5.87,16.11,0.63,6.7,2.31,4,16,16,20,56,Good
TVSMOTOR,Mar 2015,3.2,5.9,24.75,0.84,11.05,2.24,4,20,16,20,60,Good
TVSMOTOR,Mar 2016,3.77,7.2,23.58,0.6,13.03,2.21,4,20,16,20,60,Good
TVSMOTOR,Mar 2017,4.08,6.99,22.96,0.59,17.23,2.03,4,20,16,20,60,Good
TVSMOTOR,Mar 2018,4.07,9.61,24.83,2.59,4.86,1.24,4,20,8,12,44,Average
TVSMOTOR,Mar 2019,3.6,10.73,22.86,2.93,3.3,1.21,4,20,8,12,44,Average
TVSMOTOR,Mar 2020,3.43,12.01,19.71,3.53,2.66,0.98,4,16,4,8,32,Weak
TVSMOTOR,Mar 2021,3.13,11.49,15.89,3.18,2.57,0.89,4,16,4,8,32,Weak
TVSMOTOR,Mar 2022,3.0,11.31,16.61,3.6,2.93,0.9,4,16,4,8,32,Weak
TVSMOTOR,Mar 2023,4.09,12.59,23.78,4.06,3.04,0.91,4,20,4,8,36,Weak
TVSMOTOR,Mar 2024,4.54,14.05,26.22,3.83,2.91,0.93,4,20,4,8,36,Weak
INDIGO,Mar 2013,8.55,90.71,17886.36,2.5,28.23,353.96,8,20,8,20,56,Good
INDIGO,Mar 2014,4.26,96.11,10772.73,3.18,27.34,317.63,4,20,4,20,48,Average
INDIGO,Mar 2015,9.36,86.33,4939.39,0.15,30.47,228.28,8,20,20,20,68,Good
INDIGO,Mar 2016,12.3,80.4,1534.78,0.06,25.23,82.35,12,20,20,20,72,Excellent
INDIGO,Mar 2017,8.93,88.06,1692.86,0.53,20.75,75.53,8,20,16,20,64,Good
INDIGO,Mar 2018,9.74,86.84,2242.0,0.54,21.12,82.51,8,20,16,20,64,Good
INDIGO,Mar 2019,0.55,100.53,120.93,0.68,21.62,76.4,4,20,16,20,60,Good
INDIGO,Mar 2020,-0.69,88.62,-138.55,0.42,20.7,84.73,4,4,20,20,48,Average
INDIGO,Mar 2021,-42.15,99.98,-1094.15,0.02,14.13,18.05,4,4,20,20,48,Average
INDIGO,Mar 2022,-1.22,97.85,-48.77,0.02,35.0,28.19,4,4,20,20,48,Average
INDIGO,Mar 2023,-0.58,88.02,-40.8,0.02,33.5,51.27,4,4,20,20,48,Average
INDIGO,Mar 2024,11.85,76.3,892.57,0.02,22.61,56.39,12,20,20,20,72,Excellent
